Поток;Движение;статья;город;контрагент;менеджер;янв.19/фев.19/мар.19/апр.19/май.19/июн.19/июл.19/авг.19/сен.19/окт.19/ноя.19/дек.19/янв.20/фев.20/мар.20/апр.20/май.20/июн.20/июл.20/авг.20/сен.20/окт.20/ноя.20/дек.20/янв.21/фев.21/мар.21/апр.21/май.21/июн.21/июл.21/авг.21/сен.21/окт.21/ноя.21/дек.21;;;Поток+;Движение+;статья+;город+;контрагент+;менеджер+;Номер
Операционный;Выбытия;Транспорт;;;;янв.19=1 214 620/фев.19=1 064 820/мар.19=950 859/апр.19=939 383/май.19=1 084 386/июн.19=1 036 097/июл.19=1 225 821/авг.19=1 018 762/сен.19=1 236 994/окт.19=1 100 162/ноя.19=1 085 549/дек.19=1 337 128/янв.20=1 161 715/фев.20=1 213 230/мар.20=1 293 716/апр.20=1 159 108/май.20=1 307 853/июн.20=1 088 653/июл.20=1 127 791/авг.20=980 557/сен.20=1 294 630/окт.20=899 667/ноя.20=1 152 208/дек.20=1 444 739/янв.21=1 210 905/фев.21=1 195 411/мар.21=1 189 592/апр.21=938 241/май.21=1 259 140/июн.21=1 059 076/июл.21=1 000 634/авг.21=1 264 395/сен.21=1 091 260/окт.21=1 169 119/ноя.21=1 070 579/дек.21=1 155 950;;;;;Транспорт;;;;6
Операционный;Выбытия;Налоги с ФОТ;;;;янв.19=395 776/фев.19=466 782/мар.19=450 758/апр.19=550 461/май.19=599 953/июн.19=617 550/июл.19=367 637/авг.19=468 247/сен.19=509 099/окт.19=579 554/ноя.19=381 391/дек.19=213 711/янв.20=492 113/фев.20=319 300/мар.20=206 811/апр.20=292 229/май.20=354 951/июн.20=540 167/июл.20=380 833/авг.20=720 210/сен.20=476 820/окт.20=639 971/ноя.20=443 501/дек.20=528 920/янв.21=528 342/фев.21=627 259/мар.21=594 497/апр.21=499 544/май.21=354 064/июн.21=480 079/июл.21=348 347/авг.21=581 906/сен.21=254 563/окт.21=268 619/ноя.21=426 818/дек.21=454 977;;;;;Налоги с ФОТ;;;;5
Операционный;Выбытия;Налоги на прибыль;;;;янв.19=589 403/фев.19=1 378 079/мар.19=778 403/апр.19=820 738/май.19=94 968/июн.19=1 205 633/июл.19=1 235 280/авг.19=712 020/сен.19=1 048 052/окт.19=676 376/ноя.19=1 085 207/дек.19=778 304/янв.20=699 181/фев.20=946 617/мар.20=410 471/апр.20=384 032/май.20=960 306/июн.20=639 240/июл.20=1 478 266/авг.20=1 174 664/сен.20=1 172 802/окт.20=41 041/ноя.20=217 402/дек.20=1 149 960/янв.21=56 360/фев.21=1 142 027/мар.21=742 151/апр.21=1 081 862/май.21=1 379 451/июн.21=2 066 639/июл.21=398 849/авг.21=1 875 567/сен.21=338 285/окт.21=1 073 547/ноя.21=1 682 333/дек.21=660 415;;;;;Налоги на прибыль;;;;6
Операционный;Выбытия;Арендные платежи;;;;янв.19=1 031 523/фев.19=1 325 920/мар.19=1 138 975/апр.19=1 232 884/май.19=1 238 120/июн.19=1 145 670/июл.19=1 157 899/авг.19=938 199/сен.19=1 138 683/окт.19=844 879/ноя.19=1 175 230/дек.19=1 177 119/янв.20=903 696/фев.20=881 566/мар.20=1 130 246/апр.20=1 165 470/май.20=1 141 306/июн.20=1 077 685/июл.20=984 650/авг.20=1 293 155/сен.20=957 567/окт.20=925 391/ноя.20=1 135 919/дек.20=991 634/янв.21=1 057 149/фев.21=849 103/мар.21=774 269/апр.21=1 152 520/май.21=1 173 046/июн.21=1 001 967/июл.21=1 107 084/авг.21=1 026 867/сен.21=578 296/окт.21=1 230 117/ноя.21=1 055 843/дек.21=1 069 529;;;;;Арендные платежи;;;;5
Финансовый;Выбытия;Покупатели;;;;янв.19=930 921/фев.19=885 643/мар.19=954 947/апр.19=753 154/май.19=808 772/июн.19=709 332/июл.19=918 836/авг.19=876 904/сен.19=918 836/окт.19=894 231/ноя.19=738 590/дек.19=888 553/янв.20=858 850/фев.20=876 177/мар.20=731 606/апр.20=645 270/май.20=773 538/июн.20=587 615/июл.20=657 351/авг.20=831 625/сен.20=848 805/окт.20=743 982/ноя.20=675 552/дек.20=962 661/янв.21=931 216/фев.21=812 118/мар.21=790 135/апр.21=938 930/май.21=684 723/июн.21=853 903/июл.21=589 799/авг.21=591 982/сен.21=845 311/окт.21=849 679/ноя.21=716 463/дек.21=631 583;;;;;Покупатели;;;;7
Финансовый;Выбытия;Проценты к уплате;;;;янв.19=1 794 226/фев.19=1 839 703/мар.19=1 680 522/апр.19=1 827 004/май.19=1 832 000/июн.19=1 712 334/июл.19=1 742 580/авг.19=1 739 521/сен.19=1 708 144/окт.19=1 718 256/ноя.19=1 742 433/дек.19=1 703 815/янв.20=1 996 081/фев.20=1 591 034/мар.20=1 826 303/апр.20=1 572 151/май.20=1 976 777/июн.20=1 913 118/июл.20=1 770 363/авг.20=1 778 766/сен.20=1 807 773/окт.20=1 865 504/ноя.20=1 960 739/дек.20=1 742 019/янв.21=1 884 774/фев.21=1 765 966/мар.21=2 062 355/апр.21=1 611 229/май.21=1 773 579/июн.21=1 681 016/июл.21=2 002 349/авг.21=1 826 460/сен.21=1 937 799/окт.21=1 750 236/ноя.21=1 602 036/дек.21=1 931 184;;;;;Проценты к уплате;;;;8
Финансовый;Выбытия;Гашение кредитов;;;;янв.19=535 634/фев.19=874 867/мар.19=854 050/апр.19=360 781/май.19=583 974/июн.19=452 359/июл.19=260 611/авг.19=788 240/сен.19=383 932/окт.19=424 987/ноя.19=628 673/дек.19=1 014 638/янв.20=784 599/фев.20=1 049 871/мар.20=586 737/апр.20=469 686/май.20=867 883/июн.20=567 525/июл.20=943 445/авг.20=292 350/сен.20=365 295/окт.20=295 991/ноя.20=850 989/дек.20=582 521/янв.21=417 856/фев.21=442 897/мар.21=683 413/апр.21=383 055/май.21=798 874/июн.21=476 384/июл.21=308 951/авг.21=752 718/сен.21=693 315/окт.21=693 164/ноя.21=430 085/дек.21=598 966;;;;;Гашение кредитов;;;;8
Инвестиционный;Поступления;Продажа ОС;;;;янв.19=385 238/фев.19=343 454/мар.19=306 036/апр.19=378 834/май.19=380 871/июн.19=327 731/июл.19=323 363/авг.19=319 722/сен.19=396 741/окт.19=388 879/ноя.19=388 879/дек.19=375 193/янв.20=323 363/фев.20=378 687/мар.20=398 924/апр.20=317 539/май.20=295 991/июн.20=354 956/июл.20=378 834/авг.20=375 193/сен.20=298 175/окт.20=282 305/ноя.20=327 731/дек.20=290 166/янв.21=327 584/фев.21=343 454/мар.21=335 592/апр.21=410 427/май.21=380 871/июн.21=303 853/июл.21=349 278/авг.21=266 435/сен.21=329 767/окт.21=311 861/ноя.21=335 592/дек.21=359 323;;;;;Продажа ОС;;;;9
Инвестиционный;Выбытия;Покупка ОС;;;;янв.19=1 655 255/фев.19=1 835 639/мар.19=1 920 665/апр.19=1 480 392/май.19=1 892 125/июн.19=1 351 393/июл.19=1 404 097/авг.19=60 139 651/сен.19=1 879 749/окт.19=1 903 922/ноя.19=1 699 067/дек.19=1 436 718/янв.20=1 550 134/фев.20=1 366 683/мар.20=1 712 170/апр.20=1 694 116/май.20=1 619 718/июн.20=1 789 633/июл.20=1 676 789/авг.20=1 908 138/сен.20=1 809 724/окт.20=1 744 060/ноя.20=1 263 897/дек.20=1 696 594/янв.21=1 863 158/фев.21=1 342 373/мар.21=1 475 009/апр.21=1 784 535/май.21=116 472 602/июн.21=1 683 354/июл.21=1 746 388/авг.21=1 606 032/сен.21=1 704 892/окт.21=1 220 655/ноя.21=1 641 992/дек.21=1 663 843;;;;;Покупка ОС;;;;9
Финансовый;Поступления;Кредиты полученные;;;;янв.19=1 300 299/фев.19=1 295 477/мар.19=1 687 417/апр.19=1 596 570/май.19=1 060 505/июн.19=712 095/июл.19=1 698 480/авг.19=1 744 208/сен.19=1 572 839/окт.19=839 490/ноя.19=1 798 805/дек.19=1 232 594/янв.20=1 108 115/фев.20=1 025 414/мар.20=1 053 080/апр.20=1 222 118/май.20=987 993/июн.20=1 267 535/июл.20=768 146/авг.20=1 069 386/сен.20=1 437 735/окт.20=924 660/ноя.20=1 171 874/дек.20=1 361 434/янв.21=1 430 172/фев.21=1 584 635/мар.21=1 348 764/апр.21=1 356 497/май.21=1 188 333/июн.21=1 200 846/июл.21=1 850 929/авг.21=1 570 651/сен.21=1 643 592/окт.21=1 337 988/ноя.21=1 523 041/дек.21=1 201 279;;;;;Кредиты полученные;;;;7
Остаток на начало;;;;;;янв.19=2 632/фев.19=6 187 874/мар.19=15 920 090/апр.19=23 762 707/май.19=31 624 488/июн.19=35 310 134/июл.19=43 514 705/авг.19=52 384 355/сен.19=507 480/окт.19=9 179 499/ноя.19=14 984 937/дек.19=23 522 656/янв.20=30 360 355/фев.20=35 952 170/мар.20=43 298 910/апр.20=48 002 217/май.20=53 479 517/июн.20=60 428 662/июл.20=66 837 996/авг.20=76 215 686/сен.20=86 090 198/окт.20=93 904 338/ноя.20=97 189 887/дек.20=101 573 768/янв.21=110 512 156/фев.21=114 145 285/мар.21=123 401 641/апр.21=130 549 927/май.21=139 020 485/июн.21=34 319 705/июл.21=46 333 002/авг.21=52 800 881/сен.21=64 000 752/окт.21=69 917 459/ноя.21=78 650 625/дек.21=90 202 541;;;Остаток на начало;;;;;;
Операционный;Поступления;;;;;янв.19=22 230 959/фев.19=24 950 613/мар.19=22 744 670/апр.19=22 746 453/май.19=20 665 802/июн.19=22 763 854/июл.19=23 619 981/авг.19=21 090 712/сен.19=22 746 660/окт.19=21 128 707/ноя.19=20 117 664/дек.19=20 402 212/янв.20=22 687 488/фев.20=26 762 954/мар.20=27 443 886/апр.20=23 480 598/май.20=26 762 865/июн.20=22 774 464/июл.20=25 179 555/авг.20=25 164 066/сен.20=23 217 910/окт.20=17 959 771/ноя.20=18 788 452/дек.20=27 098 692/янв.21=21 234 906/фев.21=25 304 371/мар.21=23 790 846/апр.21=27 771 184/май.21=26 906 112/июн.21=26 660 981/июл.21=23 354 929/авг.21=27 311 533/сен.21=20 082 179/окт.21=22 297 405/ноя.21=25 454 988/дек.21=25 535 534;;;;Поступления;;;;;
Операционный;;;;;;янв.19=9 415 740/фев.19=13 529 138/мар.19=11 259 348/апр.19=10 307 707/май.19=7 361 140/июн.19=11 390 163/июл.19=11 173 929/авг.19=9 603 510/сен.19=11 593 102/окт.19=9 518 463/ноя.19=11 158 797/дек.19=10 273 637/янв.20=9 350 002/фев.20=10 826 405/мар.20=8 108 119/апр.20=8 318 866/май.20=10 903 078/июн.20=9 644 734/июл.20=13 278 659/авг.20=13 240 812/сен.20=10 909 827/окт.20=6 728 121/ноя.20=7 635 454/дек.20=12 270 582/янв.21=6 972 376/фев.21=11 691 621/мар.21=10 474 843/апр.21=11 421 383/май.21=13 459 795/июн.21=15 203 255/июл.21=8 915 157/авг.21=14 139 976/сен.21=9 124 664/окт.21=11 597 051/ноя.21=14 083 857/дек.21=9 501 829;;;Операционный;;;;;;
Операционный;Поступления;Покупатели;;;;янв.19=22 017 248/фев.19=24 661 266/мар.19=22 520 316/апр.19=22 522 959/май.19=20 405 803/июн.19=22 482 267/июл.19=23 359 681/авг.19=20 838 172/сен.19=22 505 065/окт.19=20 869 568/ноя.19=19 905 115/дек.19=20 169 237/янв.20=22 483 560/фев.20=26 520 197/мар.20=27 198 246/апр.20=23 266 027/май.20=26 536 791/июн.20=22 529 684/июл.20=24 956 363/авг.20=24 893 122/сен.20=22 907 278/окт.20=17 681 067/ноя.20=18 566 121/дек.20=26 845 292/янв.21=21 030 118/фев.21=25 073 418/мар.21=23 564 771/апр.21=27 517 784/май.21=26 670 255/июн.21=26 446 409/июл.21=23 093 768/авг.21=27 076 536/сен.21=19 856 104/окт.21=22 073 911/ноя.21=25 219 991/дек.21=25 265 753;;;;;Покупатели;;;;
Операционный;Поступления;Прочие поступления;;;;янв.19=213 711/фев.19=289 347/мар.19=224 354/апр.19=223 494/май.19=259 998/июн.19=281 587/июл.19=260 301/авг.19=252 540/сен.19=241 595/окт.19=259 138/ноя.19=212 549/дек.19=232 975/янв.20=203 928/фев.20=242 757/мар.20=245 640/апр.20=214 571/май.20=226 074/июн.20=244 780/июл.20=223 192/авг.20=270 944/сен.20=310 633/окт.20=278 704/ноя.20=222 332/дек.20=253 400/янв.21=204 788/фев.21=230 952/мар.21=226 074/апр.21=253 400/май.21=235 857/июн.21=214 571/июл.21=261 161/авг.21=234 997/сен.21=226 074/окт.21=223 494/ноя.21=234 997/дек.21=269 781;;;;;Прочие поступления;;;;2
Операционный;Выбытия;Поставщики;;;;янв.19=8 096 102/фев.19=5 898 171/мар.19=6 761 478/апр.19=7 567 055/май.19=9 350 451/июн.19=6 117 031/июл.19=7 340 191/авг.19=6 805 538/сен.19=5 810 748/окт.19=6 648 794/ноя.19=3 992 151/дек.19=5 265 116/янв.20=8 521 073/фев.20=11 122 174/мар.20=14 963 671/апр.20=11 026 161/май.20=10 681 176/июн.20=8 805 093/июл.20=6 627 645/авг.20=6 203 499/сен.20=6 883 565/окт.20=7 069 219/ноя.20=7 224 795/дек.20=9 639 094/янв.21=10 181 044/фев.21=8 540 239/мар.21=8 693 283/апр.21=11 510 821/май.21=8 152 804/июн.21=5 970 064/июл.21=10 061 345/авг.21=7 124 571/сен.21=7 522 249/окт.21=5 911 728/ноя.21=6 090 640/дек.21=11 189 829;;;;;Поставщики;;;;2
Операционный;Выбытия;Расчеты с персоналом;;;;янв.19=1 085 703/фев.19=855 450/мар.19=1 247 765/апр.19=893 089/май.19=568 360/июн.19=965 849/июл.19=812 865/авг.19=1 087 134/сен.19=1 051 570/окт.19=1 373 095/ноя.19=1 018 123/дек.19=890 690/янв.20=1 315 560/фев.20=1 055 058/мар.20=1 182 436/апр.20=885 329/май.20=1 110 744/июн.20=784 719/июл.20=847 313/авг.20=1 178 170/сен.20=1 276 173/окт.20=1 182 094/ноя.20=901 213/дек.20=659 839/янв.21=1 128 624/фев.21=1 074 321/мар.21=861 470/апр.21=1 033 644/май.21=955 254/июн.21=682 288/июл.21=1 222 891/авг.21=1 024 170/сен.21=1 054 910/окт.21=914 328/ноя.21=761 034/дек.21=1 107 862;;;;;Расчеты с персоналом;;;;4
Операционный;Выбытия;Подрядчики;;;;янв.19=402 092/фев.19=432 253/мар.19=157 084/апр.19=435 136/май.19=368 423/июн.19=285 860/июл.19=306 360/авг.19=457 302/сен.19=358 412/окт.19=387 384/ноя.19=221 216/дек.19=466 507/янв.20=244 148/фев.20=398 605/мар.20=148 416/апр.20=249 403/май.20=303 450/июн.20=194 172/июл.20=454 399/авг.20=372 998/сен.20=246 527/окт.20=474 267/ноя.20=77 961/дек.20=413 924/янв.21=100 106/фев.21=184 390/мар.21=460 742/апр.21=133 171/май.21=172 557/июн.21=197 613/июл.21=300 622/авг.21=274 081/сен.21=117 952/окт.21=132 895/ноя.21=283 884/дек.21=395 144;;;;;Подрядчики;;;;4
Операционный;Выбытия;Налоги на прибыль;Киров;-;-;янв.19=153 244/фев.19=580 810/мар.19=45 171/апр.19=225 316/май.19=25 057/июн.19=593 521/июл.19=185 888/авг.19=203 761/сен.19=280 118/окт.19=198 636/ноя.19=397 595/дек.19=324 881/янв.20=90 242/фев.20=231 907/мар.20=84 863/апр.20=245 567/май.20=417 374/июн.20=17 592/июл.20=251 734/авг.20=272 377/сен.20=289 541/окт.20=15 908/ноя.20=33 050/дек.20=253 690/янв.21=166 050/фев.21=397 097/мар.21=172 005/апр.21=307 550/май.21=243 725/июн.21=496 090/июл.21=51 561/авг.21=393 763/сен.21=152 771/окт.21=265 902/ноя.21=655 603/дек.21=130 641;;;;;;Киров;;;6
Операционный;Выбытия;Арендные платежи;Киров;-;-;янв.19=174 568/фев.19=444 356/мар.19=206 308/апр.19=365 007/май.19=190 438/июн.19=380 876/июл.19=396 746/авг.19=285 657/сен.19=476 096/окт.19=317 397/ноя.19=317 397/дек.19=238 048/янв.20=253 918/фев.20=365 007/мар.20=428 486/апр.20=206 308/май.20=269 787/июн.20=444 356/июл.20=365 007/авг.20=365 007/сен.20=174 568/окт.20=285 657/ноя.20=476 096/дек.20=349 137/янв.21=380 876/фев.21=222 178/мар.21=222 178/апр.21=444 356/май.21=301 527/июн.21=158 699/июл.21=206 308/авг.21=333 267/сен.21=190 438/окт.21=444 356/ноя.21=365 007/дек.21=365 007;;;;;;Киров;;;5
Операционный;Выбытия;Транспорт;Киров;-;-;янв.19=266 073/фев.19=404 430/мар.19=276 715/апр.19=319 287/май.19=404 430/июн.19=276 715/июл.19=298 001/авг.19=361 859/сен.19=266 073/окт.19=415 073/ноя.19=404 430/дек.19=372 502/янв.20=372 502/фев.20=298 001/мар.20=212 858/апр.20=276 715/май.20=393 787/июн.20=223 501/июл.20=393 787/авг.20=223 501/сен.20=351 216/окт.20=234 144/ноя.20=298 001/дек.20=372 502/янв.21=298 001/фев.21=383 144/мар.21=212 858/апр.21=212 858/май.21=298 001/июн.21=255 430/июл.21=287 358/авг.21=276 715/сен.21=319 287/окт.21=244 787/ноя.21=276 715/дек.21=329 930;;;;;;Киров;;;6
Операционный;Выбытия;Налоги с ФОТ;Киров;-;-;янв.19=170 286/фев.19=74 500/мар.19=202 215/апр.19=170 286/май.19=85 143/июн.19=202 215/июл.19=127 715/авг.19=63 857/сен.19=85 143/окт.19=138 358/ноя.19=127 715/дек.19=53 215/янв.20=117 072/фев.20=42 572/мар.20=74 500/апр.20=85 143/май.20=212 858/июн.20=106 429/июл.20=106 429/авг.20=212 858/сен.20=106 429/окт.20=159 644/ноя.20=106 429/дек.20=117 072/янв.21=202 215/фев.21=180 929/мар.21=202 215/апр.21=53 215/май.21=138 358/июн.21=138 358/июл.21=53 215/авг.21=202 215/сен.21=74 500/окт.21=63 857/ноя.21=127 715/дек.21=63 857;;;;;;Киров;;;5
Инвестиционный;Выбытия;Покупка ОС;Киров;-;-;янв.19=603 054/фев.19=587 185/мар.19=634 794/апр.19=333 267/май.19=460 226/июн.19=317 397/июл.19=428 486/авг.19=428 486/сен.19=396 746/окт.19=539 575/ноя.19=396 746/дек.19=380 876/янв.20=634 794/фев.20=349 137/мар.20=491 965/апр.20=460 226/май.20=317 397/июн.20=571 315/июл.20=460 226/авг.20=603 054/сен.20=571 315/окт.20=491 965/ноя.20=365 007/дек.20=571 315/янв.21=634 794/фев.21=365 007/мар.21=460 226/апр.21=587 185/май.21=476 096/июн.21=634 794/июл.21=634 794/авг.21=317 397/сен.21=412 616/окт.21=349 137/ноя.21=333 267/дек.21=618 924;;;;;;Киров;;;9
Финансовый;Поступления;Кредиты полученные;Киров;-;-;янв.19=523 705/фев.19=222 178/мар.19=365 007/апр.19=222 178/май.19=491 965/июн.19=174 568/июл.19=571 315/авг.19=539 575/сен.19=222 178/окт.19=158 699/ноя.19=491 965/дек.19=190 438/янв.20=539 575/фев.20=269 787/мар.20=365 007/апр.20=618 924/май.20=349 137/июн.20=444 356/июл.20=190 438/авг.20=238 048/сен.20=587 185/окт.20=333 267/ноя.20=206 308/дек.20=396 746/янв.21=618 924/фев.21=301 527/мар.21=238 048/апр.21=587 185/май.21=412 616/июн.21=317 397/июл.21=618 924/авг.21=285 657/сен.21=444 356/окт.21=285 657/ноя.21=238 048/дек.21=253 918;;;;;;Киров;;;7
Финансовый;Выбытия;Покупатели;Киров;-;-;янв.19=206 308/фев.19=222 178/мар.19=301 527/апр.19=174 568/май.19=253 918/июн.19=174 568/июл.19=317 397/авг.19=238 048/сен.19=317 397/окт.19=238 048/ноя.19=174 568/дек.19=269 787/янв.20=206 308/фев.20=206 308/мар.20=190 438/апр.20=206 308/май.20=269 787/июн.20=158 699/июл.20=174 568/авг.20=253 918/сен.20=206 308/окт.20=253 918/ноя.20=253 918/дек.20=238 048/янв.21=301 527/фев.21=158 699/мар.21=317 397/апр.21=238 048/май.21=174 568/июн.21=190 438/июл.21=174 568/авг.21=190 438/сен.21=253 918/окт.21=285 657/ноя.21=206 308/дек.21=206 308;;;;;;Киров;;;7
Инвестиционный;Поступления;Продажа ОС;Киров;-;-;янв.19=126 959/фев.19=95 219/мар.19=95 219/апр.19=126 959/май.19=95 219/июн.19=126 959/июл.19=95 219/авг.19=95 219/сен.19=111 089/окт.19=126 959/ноя.19=126 959/дек.19=126 959/янв.20=95 219/фев.20=79 349/мар.20=126 959/апр.20=79 349/май.20=95 219/июн.20=79 349/июл.20=126 959/авг.20=126 959/сен.20=111 089/окт.20=95 219/ноя.20=126 959/дек.20=79 349/янв.21=79 349/фев.21=95 219/мар.21=111 089/апр.21=111 089/май.21=95 219/июн.21=79 349/июл.21=111 089/авг.21=79 349/сен.21=95 219/окт.21=111 089/ноя.21=111 089/дек.21=111 089;;;;;;Киров;;;9
Финансовый;Выбытия;Проценты к уплате;Киров;-;-;янв.19=495 635/фев.19=676 966/мар.19=501 680/апр.19=670 921/май.19=634 655/июн.19=501 680/июл.19=701 143/авг.19=598 389/сен.19=489 591/окт.19=513 768/ноя.19=537 946/дек.19=604 434/янв.20=719 276/фев.20=501 680/мар.20=676 966/апр.20=537 946/май.20=664 877/июн.20=592 345/июл.20=525 857/авг.20=562 123/сен.20=658 833/окт.20=664 877/ноя.20=652 788/дек.20=580 256/янв.21=646 744/фев.21=574 212/мар.21=634 655/апр.21=531 901/май.21=537 946/июн.21=556 079/июл.21=622 567/авг.21=664 877/сен.21=495 635/окт.21=483 547/ноя.21=501 680/дек.21=622 567;;;;;;Киров;;;8
Финансовый;Выбытия;Гашение кредитов;Киров;-;-;янв.19=158 699/фев.19=269 787/мар.19=238 048/апр.19=95 219/май.19=158 699/июн.19=190 438/июл.19=63 479/авг.19=111 089/сен.19=111 089/окт.19=190 438/ноя.19=158 699/дек.19=317 397/янв.20=111 089/фев.20=301 527/мар.20=158 699/апр.20=190 438/май.20=285 657/июн.20=158 699/июл.20=317 397/авг.20=95 219/сен.20=174 568/окт.20=95 219/ноя.20=222 178/дек.20=95 219/янв.21=158 699/фев.21=95 219/мар.21=238 048/апр.21=111 089/май.21=301 527/июн.21=285 657/июл.21=63 479/авг.21=317 397/сен.21=111 089/окт.21=142 829/ноя.21=174 568/дек.21=174 568;;;;;;Киров;;;8
Операционный;Поступления;Покупатели;Киров;Группа ТТТ;Белов;янв.19=861 348/фев.19=1 948 043/мар.19=988 856/апр.19=1 036 978/май.19=1 935 817/июн.19=2 098 539/июл.19=1 523 676/авг.19=1 806 066/сен.19=1 843 708/окт.19=1 080 958/ноя.19=1 190 790/дек.19=1 093 624/янв.20=2 102 593/фев.20=1 877 318/мар.20=1 602 179/апр.20=1 038 430/май.20=1 321 978/июн.20=1 478 581/июл.20=870 952/авг.20=1 713 500/сен.20=1 112 116/окт.20=1 037 848/ноя.20=732 567/дек.20=1 747 926/янв.21=1 004 625/фев.21=1 650 325/мар.21=1 645 167/апр.21=1 798 225/май.21=1 629 929/июн.21=1 646 794/июл.21=861 169/авг.21=1 870 758/сен.21=1 244 873/окт.21=1 590 302/ноя.21=1 756 425/дек.21=2 234 195;;;;;;;Группа ТТТ;Белов;
Операционный;Поступления;Покупатели;Киров;Протек;Карпович;янв.19=2 131 899/фев.19=2 010 434/мар.19=1 478 064/апр.19=1 107 279/май.19=1 023 109/июн.19=2 177 012/июл.19=1 725 664/авг.19=1 928 394/сен.19=1 893 371/окт.19=1 945 480/ноя.19=1 490 580/дек.19=1 437 541/янв.20=914 899/фев.20=2 058 132/мар.20=2 256 414/апр.20=833 271/май.20=2 275 598/июн.20=1 162 788/июл.20=2 109 435/авг.20=1 855 254/сен.20=1 434 529/окт.20=850 154/ноя.20=922 489/дек.20=1 612 658/янв.21=1 194 038/фев.21=1 577 329/мар.21=1 555 486/апр.21=1 720 202/май.21=1 700 885/июн.21=1 727 420/июл.21=1 060 552/авг.21=1 133 975/сен.21=2 240 696/окт.21=1 013 945/ноя.21=1 919 866/дек.21=986 707;;;;;;;Протек;Карпович;
Операционный;Поступления;Покупатели;Киров;;;янв.19=6 602 033/фев.19=8 117 403/мар.19=5 481 371/апр.19=5 869 555/май.19=5 871 517/июн.19=8 273 747/июл.19=6 896 270/авг.19=5 982 818/сен.19=6 013 672/окт.19=6 221 809/ноя.19=6 054 827/дек.19=5 655 466/янв.20=6 245 846/фев.20=6 962 965/мар.20=7 614 821/апр.20=3 750 729/май.20=7 698 425/июн.20=5 004 833/июл.20=5 802 837/авг.20=6 733 631/сен.20=6 305 226/окт.20=5 198 042/ноя.20=4 819 284/дек.20=6 329 028/янв.21=5 689 330/фев.21=7 495 669/мар.21=6 508 245/апр.21=7 408 534/май.21=6 459 623/июн.21=7 146 399/июл.21=5 275 840/авг.21=6 650 523/сен.21=5 984 174/окт.21=6 242 016/ноя.21=8 019 354/дек.21=7 178 856;;;;;;Киров;;;
Операционный;Поступления;Покупатели;Киров;Сигма;Зеленкина;янв.19=1 506 993/фев.19=2 291 514/мар.19=1 999 209/апр.19=1 834 144/май.19=1 274 435/июн.19=1 683 980/июл.19=2 070 931/авг.19=1 228 692/сен.19=1 494 066/окт.19=1 850 399/ноя.19=1 407 172/дек.19=1 829 961/янв.20=1 068 476/фев.20=840 695/мар.20=2 162 734/апр.20=870 605/май.20=2 183 827/июн.20=1 491 102/июл.20=1 615 240/авг.20=1 530 874/сен.20=1 466 082/окт.20=1 889 728/ноя.20=1 543 061/дек.20=2 035 362/янв.21=1 771 290/фев.21=2 122 424/мар.21=1 269 584/апр.21=2 378 591/май.21=1 752 698/июн.21=1 181 670/июл.21=1 997 365/авг.21=1 309 325/сен.21=1 308 769/окт.21=1 538 592/ноя.21=2 162 054/дек.21=1 900 491;;;;;;;Сигма;Зеленкина;
Операционный;Поступления;Покупатели;Киров;Открытые двери;Полякова;янв.19=2 101 793/фев.19=1 867 412/мар.19=1 015 242/апр.19=1 891 154/май.19=1 638 155/июн.19=2 314 216/июл.19=1 575 999/авг.19=1 019 666/сен.19=782 527/окт.19=1 344 972/ноя.19=1 966 285/дек.19=1 294 340/янв.20=2 159 877/фев.20=2 186 821/мар.20=1 593 494/апр.20=1 008 422/май.20=1 917 022/июн.20=872 362/июл.20=1 207 210/авг.20=1 634 002/сен.20=2 292 499/окт.20=1 420 313/ноя.20=1 621 167/дек.20=933 082/янв.21=1 719 377/фев.21=2 145 592/мар.21=2 038 008/апр.21=1 511 516/май.21=1 376 110/июн.21=2 590 514/июл.21=1 356 754/авг.21=2 336 465/сен.21=1 189 835/окт.21=2 099 177/ноя.21=2 181 008/дек.21=2 057 462;;;;;;;Открытые двери;Полякова;
Операционный;Выбытия;Поставщики;Киров;Группа ТТТ;Белов;янв.19=295 140/фев.19=378 384/мар.19=363 393/апр.19=421 773/май.19=850 401/июн.19=430 654/июл.19=421 622/авг.19=604 860/сен.19=419 932/окт.19=297 219/ноя.19=201 699/дек.19=228 931/янв.20=859 195/фев.20=704 922/мар.20=945 522/апр.20=470 852/май.20=626 854/июн.20=523 020/июл.20=271 301/авг.20=456 228/сен.20=364 718/окт.20=415 217/ноя.20=318 560/дек.20=505 762/янв.21=488 814/фев.21=654 218/мар.21=566 773/апр.21=564 646/май.21=621 290/июн.21=305 543/июл.21=291 162/авг.21=483 792/сен.21=496 494/окт.21=435 723/ноя.21=378 868/дек.21=791 310;;;;;;;Группа ТТТ;Белов;2
Операционный;Поступления;Прочие поступления;Киров;-;-;янв.19=53 215/фев.19=63 857/мар.19=63 857/апр.19=53 215/май.19=63 857/июн.19=74 500/июл.19=53 215/авг.19=63 857/сен.19=63 857/окт.19=53 215/ноя.19=53 215/дек.19=63 857/янв.20=53 215/фев.20=63 857/мар.20=85 143/апр.20=63 857/май.20=85 143/июн.20=74 500/июл.20=63 857/авг.20=63 857/сен.20=85 143/окт.20=53 215/ноя.20=53 215/дек.20=74 500/янв.21=63 857/фев.21=53 215/мар.21=85 143/апр.21=74 500/май.21=85 143/июн.21=63 857/июл.21=63 857/авг.21=74 500/сен.21=85 143/окт.21=53 215/ноя.21=74 500/дек.21=63 857;;;;;;Киров;;;2
Операционный;Выбытия;Поставщики;Киров;;;янв.19=2 601 911/фев.19=2 108 056/мар.19=1 952 602/апр.19=1 989 000/май.19=2 753 074/июн.19=2 000 673/июл.19=2 082 798/авг.19=2 007 690/сен.19=1 553 105/окт.19=1 895 017/ноя.19=1 212 232/дек.19=1 295 147/янв.20=2 463 163/фев.20=2 964 348/мар.20=4 198 276/апр.20=1 933 553/май.20=2 877 359/июн.20=1 894 655/июл.20=1 539 007/авг.20=1 807 803/сен.20=1 579 331/окт.20=2 033 127/ноя.20=1 839 232/дек.20=1 959 478/янв.21=2 751 449/фев.21=2 434 508/мар.21=2 338 858/апр.21=3 088 551/май.21=2 335 740/июн.21=1 380 355/июл.21=2 248 850/авг.21=1 629 216/сен.21=2 421 200/окт.21=1 717 847/ноя.21=1 787 290/дек.21=3 366 213;;;;;;Киров;;;2
Операционный;Выбытия;Поставщики;Киров;Открытые двери;Полякова;янв.19=842 472/фев.19=532 508/мар.19=241 073/апр.19=636 575/май.19=805 996/июн.19=605 516/июл.19=463 357/авг.19=276 725/сен.19=256 209/окт.19=355 310/ноя.19=354 776/дек.19=283 850/янв.20=680 039/фев.20=898 605/мар.20=912 325/апр.20=590 609/май.20=637 664/июн.20=250 359/июл.20=381 743/авг.20=412 940/сен.20=505 325/окт.20=460 464/ноя.20=548 312/дек.20=269 987/янв.21=669 270/фев.21=662 928/мар.21=622 626/апр.21=578 803/май.21=456 122/июн.21=469 195/июл.21=708 931/авг.21=549 297/сен.21=519 738/окт.21=614 813/ноя.21=404 589/дек.21=1 093 072;;;;;;;Открытые двери;Полякова;3
Операционный;Выбытия;Поставщики;Киров;Протек;Карпович;янв.19=840 757/фев.19=581 600/мар.19=568 240/апр.19=326 128/май.19=458 439/июн.19=558 447/июл.19=397 929/авг.19=757 178/сен.19=494 133/окт.19=723 726/ноя.19=329 320/дек.19=308 089/янв.20=422 892/фев.20=991 539/мар.20=1 311 743/апр.20=543 128/май.20=901 884/июн.20=434 597/июл.20=527 662/авг.20=468 854/сен.20=362 481/окт.20=258 026/ноя.20=312 005/дек.20=580 433/янв.21=496 470/фев.21=597 695/мар.21=596 542/апр.21=724 587/май.21=648 337/июн.21=396 812/июл.21=358 574/авг.21=325 246/сен.21=907 845/окт.21=325 706/ноя.21=397 558/дек.21=501 418;;;;;;;Протек;Карпович;3
Операционный;Выбытия;Поставщики;Киров;Сигма;Зеленкина;янв.19=623 541/фев.19=615 563/мар.19=779 896/апр.19=604 523/май.19=638 237/июн.19=406 056/июл.19=799 890/авг.19=368 926/сен.19=382 832/окт.19=518 761/ноя.19=326 437/дек.19=474 278/янв.20=501 037/фев.20=369 282/мар.20=1 028 686/апр.20=328 963/май.20=710 957/июн.20=686 679/июл.20=358 301/авг.20=469 780/сен.20=346 807/окт.20=899 419/ноя.20=660 356/дек.20=603 296/янв.21=1 096 895/фев.21=519 667/мар.21=552 917/апр.21=1 220 514/май.21=609 992/июн.21=208 805/июл.21=890 183/авг.21=270 881/сен.21=497 122/окт.21=341 605/ноя.21=606 273/дек.21=980 412;;;;;;;Сигма;Зеленкина;3
Операционный;Выбытия;Расчеты с персоналом;Киров;-;-;янв.19=351 216/фев.19=191 572/мар.19=425 716/апр.19=138 358/май.19=276 715/июн.19=298 001/июл.19=425 716/авг.19=106 429/сен.19=298 001/окт.19=255 430/ноя.19=149 001/дек.19=117 072/янв.20=255 430/фев.20=298 001/мар.20=202 215/апр.20=149 001/май.20=127 715/июн.20=212 858/июл.20=191 572/авг.20=383 144/сен.20=223 501/окт.20=425 716/ноя.20=415 073/дек.20=149 001/янв.21=340 573/фев.21=308 644/мар.21=266 073/апр.21=127 715/май.21=244 787/июн.21=170 286/июл.21=319 287/авг.21=287 358/сен.21=255 430/окт.21=202 215/ноя.21=170 286/дек.21=106 429;;;;;;Киров;;;5
Операционный;Выбытия;Подрядчики;Киров;-;-;янв.19=63 857/фев.19=117 072/мар.19=21 286/апр.19=138 358/май.19=117 072/июн.19=63 857/июл.19=95 786/авг.19=63 857/сен.19=149 001/окт.19=138 358/ноя.19=10 643/дек.19=149 001/янв.20=31 929/фев.20=63 857/мар.20=63 857/апр.20=10 643/май.20=10 643/июн.20=117 072/июл.20=149 001/авг.20=95 786/сен.20=159 644/окт.20=138 358/ноя.20=10 643/дек.20=138 358/янв.21=42 572/фев.21=117 072/мар.21=106 429/апр.21=10 643/май.21=42 572/июн.21=159 644/июл.21=117 072/авг.21=117 072/сен.21=21 286/окт.21=85 143/ноя.21=10 643/дек.21=127 715;;;;;;Киров;;;4
Операционный;Выбытия;Налоги на прибыль;Пермь;-;-;янв.19=251 315/фев.19=494 777/мар.19=384 933/апр.19=252 973/май.19=65 020/июн.19=425 943/июл.19=622 925/авг.19=408 475/сен.19=438 454/окт.19=384 901/ноя.19=513 766/дек.19=266 390/янв.20=152 056/фев.20=446 333/мар.20=309 525/апр.20=532 309/май.20=472 777/июн.20=392 055/июл.20=627 376/авг.20=663 545/сен.20=754 697/окт.20=113 343/ноя.20=153 803/дек.20=539 178/янв.21=27 995/фев.21=475 729/мар.21=267 736/апр.21=462 266/май.21=814 010/июн.21=1 114 775/июл.21=394 073/авг.21=912 526/сен.21=30 863/окт.21=359 227/ноя.21=487 978/дек.21=374 693;;;;;;Пермь;;;6
Операционный;Выбытия;Налоги с ФОТ;Пермь;-;-;янв.19=147 227/фев.19=294 453/мар.19=92 017/апр.19=331 260/май.19=368 066/июн.19=239 243/июл.19=73 613/авг.19=257 647/сен.19=257 647/окт.19=294 453/ноя.19=165 630/дек.19=92 017/янв.20=257 647/фев.20=110 420/мар.20=73 613/апр.20=128 823/май.20=73 613/июн.20=257 647/июл.20=147 227/авг.20=331 260/сен.20=331 260/окт.20=294 453/ноя.20=239 243/дек.20=294 453/янв.21=257 647/фев.21=368 066/мар.21=294 453/апр.21=368 066/май.21=147 227/июн.21=165 630/июл.21=128 823/авг.21=184 033/сен.21=92 017/окт.21=165 630/ноя.21=220 840/дек.21=312 857;;;;;;Пермь;;;5
Операционный;Выбытия;Транспорт;Пермь;-;-;янв.19=625 713/фев.19=386 470/мар.19=478 486/апр.19=404 873/май.19=386 470/июн.19=368 066/июл.19=644 116/авг.19=441 680/сен.19=736 133/окт.19=460 083/ноя.19=368 066/дек.19=680 923/янв.20=515 293/фев.20=533 696/мар.20=699 326/апр.20=588 906/май.20=552 100/июн.20=552 100/июл.20=460 083/авг.20=404 873/сен.20=552 100/окт.20=460 083/ноя.20=570 503/дек.20=680 923/янв.21=570 503/фев.21=460 083/мар.21=644 116/апр.21=441 680/май.21=736 133/июн.21=441 680/июл.21=478 486/авг.21=625 713/сен.21=478 486/окт.21=699 326/ноя.21=441 680/дек.21=552 100;;;;;;Пермь;;;6
Операционный;Выбытия;Расчеты с персоналом;Пермь;-;-;янв.19=607 310/фев.19=331 260/мар.19=460 083/апр.19=441 680/май.19=184 033/июн.19=423 276/июл.19=220 840/авг.19=736 133/сен.19=460 083/окт.19=736 133/ноя.19=644 116/дек.19=607 310/янв.20=717 730/фев.20=404 873/мар.20=588 906/апр.20=423 276/май.20=699 326/июн.20=239 243/июл.20=460 083/авг.20=423 276/сен.20=680 923/окт.20=570 503/ноя.20=202 437/дек.20=276 050/янв.21=533 696/фев.21=423 276/мар.21=331 260/апр.21=680 923/май.21=368 066/июн.21=257 647/июл.21=717 730/авг.21=570 503/сен.21=662 520/окт.21=496 890/ноя.21=404 873/дек.21=717 730;;;;;;Пермь;;;5
Операционный;Выбытия;Арендные платежи;Пермь;-;-;янв.19=569 548/фев.19=498 354/мар.19=522 086/апр.19=498 354/май.19=664 473/июн.19=545 817/июл.19=569 548/авг.19=474 623/сен.19=498 354/окт.19=308 505/ноя.19=474 623/дек.19=569 548/янв.20=403 430/фев.20=379 699/мар.20=332 236/апр.20=617 010/май.20=474 623/июн.20=332 236/июл.20=332 236/авг.20=640 741/сен.20=427 161/окт.20=379 699/ноя.20=427 161/дек.20=450 892/янв.21=498 354/фев.21=284 774/мар.21=237 312/апр.21=379 699/май.21=474 623/июн.21=569 548/июл.21=640 741/авг.21=474 623/сен.21=237 312/окт.21=498 354/ноя.21=403 430/дек.21=403 430;;;;;;Пермь;;;5
Инвестиционный;Выбытия;Покупка ОС;Пермь;-;-;янв.19=545 817/фев.19=783 128/мар.19=806 859/апр.19=640 741/май.19=925 515/июн.19=664 473/июл.19=688 204/авг.19=59 382 700/сен.19=949 246/окт.19=830 591/ноя.19=878 053/дек.19=522 086/янв.20=545 817/фев.20=593 279/мар.20=878 053/апр.20=878 053/май.20=878 053/июн.20=711 935/июл.20=901 784/авг.20=949 246/сен.20=759 397/окт.20=759 397/ноя.20=474 623/дек.20=783 128/янв.21=735 666/фев.21=498 354/мар.21=522 086/апр.21=759 397/май.21=522 086/июн.21=569 548/июл.21=783 128/авг.21=878 053/сен.21=854 322/окт.21=474 623/ноя.21=925 515/дек.21=593 279;;;;;;Пермь;;;9
Финансовый;Поступления;Кредиты полученные;Пермь;-;-;янв.19=379 699/фев.19=854 322/мар.19=925 515/апр.19=854 322/май.19=308 505/июн.19=332 236/июл.19=949 246/авг.19=711 935/сен.19=830 591/окт.19=379 699/ноя.19=759 397/дек.19=522 086/янв.20=308 505/фев.20=427 161/мар.20=332 236/апр.20=261 043/май.20=474 623/июн.20=522 086/июл.20=427 161/авг.20=379 699/сен.20=522 086/окт.20=427 161/ноя.20=664 473/дек.20=759 397/янв.21=332 236/фев.21=735 666/мар.21=878 053/апр.21=427 161/май.21=474 623/июн.21=664 473/июл.21=711 935/авг.21=901 784/сен.21=925 515/окт.21=901 784/ноя.21=901 784/дек.21=783 128;;;;;;Пермь;;;7
Финансовый;Выбытия;Покупатели;Пермь;-;-;янв.19=450 892/фев.19=403 430/мар.19=379 699/апр.19=332 236/май.19=308 505/июн.19=261 043/июл.19=450 892/авг.19=474 623/сен.19=450 892/окт.19=450 892/ноя.19=427 161/дек.19=427 161/янв.20=474 623/фев.20=450 892/мар.20=308 505/апр.20=261 043/май.20=284 774/июн.20=237 312/июл.20=332 236/авг.20=427 161/сен.20=450 892/окт.20=284 774/ноя.20=284 774/дек.20=450 892/янв.21=355 967/фев.21=379 699/мар.21=308 505/апр.21=427 161/май.21=332 236/июн.21=403 430/июл.21=237 312/авг.21=237 312/сен.21=427 161/окт.21=427 161/ноя.21=332 236/дек.21=261 043;;;;;;Пермь;;;7
Финансовый;Выбытия;Проценты к уплате;Пермь;-;-;янв.19=752 112/фев.19=701 489/мар.19=737 649/апр.19=679 794/май.19=650 866/июн.19=694 258/июл.19=600 243/авг.19=614 707/сен.19=621 939/окт.19=723 185/ноя.19=723 185/дек.19=593 012/янв.20=795 503/фев.20=593 012/мар.20=723 185/апр.20=593 012/май.20=795 503/июн.20=824 431/июл.20=788 272/авг.20=795 503/сен.20=607 475/окт.20=694 258/ноя.20=831 663/дек.20=600 243/янв.21=636 403/фев.21=665 330/мар.21=846 126/апр.21=593 012/май.21=759 344/июн.21=643 635/июл.21=853 358/авг.21=730 417/сен.21=860 590/окт.21=860 590/ноя.21=694 258/дек.21=752 112;;;;;;Пермь;;;8
Финансовый;Выбытия;Гашение кредитов;Пермь;-;-;янв.19=308 505/фев.19=427 161/мар.19=355 967/апр.19=142 387/май.19=261 043/июн.19=166 118/июл.19=142 387/авг.19=403 430/сен.19=94 925/окт.19=166 118/ноя.19=237 312/дек.19=450 892/янв.20=427 161/фев.20=474 623/мар.20=332 236/апр.20=142 387/май.20=308 505/июн.20=189 849/июл.20=379 699/авг.20=142 387/сен.20=94 925/окт.20=118 656/ноя.20=450 892/дек.20=213 580/янв.21=94 925/фев.21=142 387/мар.21=308 505/апр.21=189 849/май.21=237 312/июн.21=94 925/июл.21=94 925/авг.21=284 774/сен.21=308 505/окт.21=427 161/ноя.21=118 656/дек.21=355 967;;;;;;Пермь;;;8
Инвестиционный;Поступления;Продажа ОС;Пермь;-;-;янв.19=189 849/фев.19=166 118/мар.19=142 387/апр.19=142 387/май.19=189 849/июн.19=118 656/июл.19=118 656/авг.19=142 387/сен.19=189 849/окт.19=166 118/ноя.19=166 118/дек.19=166 118/янв.20=118 656/фев.20=189 849/мар.20=189 849/апр.20=142 387/май.20=118 656/июн.20=166 118/июл.20=142 387/авг.20=166 118/сен.20=118 656/окт.20=118 656/ноя.20=118 656/дек.20=142 387/янв.21=166 118/фев.21=166 118/мар.21=142 387/апр.21=189 849/май.21=189 849/июн.21=142 387/июл.21=142 387/авг.21=118 656/сен.21=166 118/окт.21=118 656/ноя.21=142 387/дек.21=166 118;;;;;;Пермь;;;9
Операционный;Поступления;Покупатели;Пермь;;;янв.19=9 099 931/фев.19=11 232 350/мар.19=10 376 899/апр.19=9 857 925/май.19=8 024 403/июн.19=9 100 099/июл.19=10 622 731/авг.19=10 132 487/сен.19=9 708 644/окт.19=9 690 451/ноя.19=9 193 162/дек.19=8 532 838/янв.20=9 640 457/фев.20=11 517 545/мар.20=12 140 156/апр.20=13 356 441/май.20=13 321 534/июн.20=10 350 881/июл.20=11 654 940/авг.20=12 476 136/сен.20=11 420 786/окт.20=8 532 099/ноя.20=8 539 886/дек.20=12 934 752/янв.21=9 030 103/фев.21=10 227 678/мар.21=10 496 746/апр.21=11 661 716/май.21=13 409 981/июн.21=11 751 670/июл.21=11 749 480/авг.21=13 081 836/сен.21=8 402 814/окт.21=9 651 615/ноя.21=10 161 176/дек.21=11 676 266;;;;;;Пермь;;;1
Операционный;Поступления;Покупатели;Пермь;Бетт;Маленков;янв.19=2 052 095/фев.19=2 576 569/мар.19=2 435 765/апр.19=2 038 575/май.19=1 479 076/июн.19=1 026 070/июл.19=1 891 905/авг.19=2 090 385/сен.19=1 613 482/окт.19=1 964 735/ноя.19=1 871 489/дек.19=856 833/янв.20=960 338/фев.20=1 281 042/мар.20=1 682 173/апр.20=1 603 825/май.20=2 573 142/июн.20=2 044 713/июл.20=1 959 612/авг.20=2 124 166/сен.20=1 862 308/окт.20=911 473/ноя.20=1 539 431/дек.20=2 458 835/янв.21=1 851 611/фев.21=1 999 485/мар.21=2 609 560/апр.21=2 860 900/май.21=2 550 911/июн.21=1 414 618/июл.21=2 254 081/авг.21=2 296 868/сен.21=1 179 259/окт.21=1 447 051/ноя.21=1 225 993/дек.21=2 251 690;;;;;;;Бетт;Маленков;1
Операционный;Поступления;Покупатели;Пермь;Группа компаний Альфа;Карпович;янв.19=848 197/фев.19=937 346/мар.19=1 712 865/апр.19=2 483 373/май.19=1 408 298/июн.19=1 100 453/июл.19=1 413 406/авг.19=1 962 013/сен.19=1 111 637/окт.19=1 986 269/ноя.19=1 636 423/дек.19=1 130 161/янв.20=2 325 433/фев.20=2 125 171/мар.20=2 108 305/апр.20=2 652 883/май.20=2 212 497/июн.20=2 344 253/июл.20=2 270 486/авг.20=2 455 119/сен.20=1 690 094/окт.20=1 852 688/ноя.20=1 981 527/дек.20=2 437 020/янв.21=1 505 597/фев.21=2 036 665/мар.21=1 404 754/апр.21=1 951 985/май.21=2 624 398/июн.21=1 998 315/июл.21=1 333 254/авг.21=2 565 104/сен.21=1 708 342/окт.21=1 680 714/ноя.21=2 104 086/дек.21=1 859 817;;;;;;;Группа компаний Альфа;Карпович;1
Операционный;Поступления;Покупатели;Пермь;Секрет;Белов;янв.19=825 947/фев.19=1 712 810/мар.19=1 297 107/апр.19=1 226 716/май.19=1 475 072/июн.19=1 315 583/июл.19=1 347 768/авг.19=1 173 794/сен.19=1 358 977/окт.19=1 727 544/ноя.19=1 729 028/дек.19=1 385 971/янв.20=1 755 043/фев.20=2 659 443/мар.20=2 270 253/апр.20=2 372 944/май.20=1 679 718/июн.20=2 072 629/июл.20=870 359/авг.20=1 737 634/сен.20=2 119 234/окт.20=1 448 452/ноя.20=1 310 498/дек.20=2 371 711/янв.21=1 900 731/фев.21=1 189 831/мар.21=1 852 583/апр.21=1 195 399/май.21=2 678 617/июн.21=2 717 672/июл.21=2 075 848/авг.21=2 313 120/сен.21=976 446/окт.21=1 047 345/ноя.21=1 531 739/дек.21=1 239 007;;;;;;;Секрет;Белов;1
Операционный;Поступления;Прочие поступления;Пермь;-;-;янв.19=92 017/фев.19=147 227/мар.19=92 017/апр.19=92 017/май.19=147 227/июн.19=128 823/июл.19=128 823/авг.19=110 420/сен.19=128 823/окт.19=147 227/ноя.19=110 420/дек.19=110 420/янв.20=92 017/фев.20=110 420/мар.20=92 017/апр.20=92 017/май.20=92 017/июн.20=92 017/июл.20=110 420/авг.20=128 823/сен.20=147 227/окт.20=147 227/ноя.20=110 420/дек.20=110 420/янв.21=92 017/фев.21=128 823/мар.21=92 017/апр.21=110 420/май.21=92 017/июн.21=92 017/июл.21=128 823/авг.21=92 017/сен.21=92 017/окт.21=92 017/ноя.21=92 017/дек.21=147 227;;;;;;Пермь;;;2
Операционный;Поступления;Покупатели;Пермь;Мегаснаб;Набойкин;янв.19=2 141 433/фев.19=2 239 167/мар.19=1 859 575/апр.19=1 197 057/май.19=1 365 119/июн.19=1 746 589/июл.19=1 841 566/авг.19=1 882 464/сен.19=1 370 141/окт.19=1 707 600/ноя.19=1 451 603/дек.19=1 778 826/янв.20=2 428 470/фев.20=1 165 914/мар.20=1 043 545/апр.20=2 512 537/май.20=2 600 509/июн.20=956 664/июл.20=2 336 243/авг.20=2 213 885/сен.20=2 158 771/окт.20=1 065 209/ноя.20=1 285 879/дек.20=2 265 080/янв.21=1 513 531/фев.21=1 198 518/мар.21=2 507 231/апр.21=2 181 778/май.21=1 501 849/июн.21=1 801 015/июл.21=2 636 660/авг.21=1 564 244/сен.21=1 481 200/окт.21=1 148 672/ноя.21=1 733 558/дек.21=2 123 514;;;;;;;Мегаснаб;Набойкин;1
Операционный;Поступления;Покупатели;Пермь;Снабжение Север;Штейнберг;янв.19=1 710 648/фев.19=1 777 395/мар.19=1 831 005/апр.19=1 017 993/май.19=1 086 122/июн.19=1 979 764/июл.19=1 918 332/авг.19=1 449 995/сен.19=2 056 281/окт.19=1 133 440/ноя.19=1 035 037/дек.19=1 303 533/янв.20=841 762/фев.20=1 576 832/мар.20=2 451 724/апр.20=2 133 304/май.20=2 068 867/июн.20=1 709 289/июл.20=2 222 080/авг.20=2 294 076/сен.20=1 984 096/окт.20=1 891 627/ноя.20=1 358 641/дек.20=1 554 294/янв.21=1 035 993/фев.21=940 369/мар.21=980 442/апр.21=2 359 116/май.21=1 515 888/июн.21=2 262 234/июл.21=2 331 818/авг.21=2 119 531/сен.21=2 177 843/окт.21=1 944 801/ноя.21=2 259 813/дек.21=1 678 637;;;;;;;Снабжение Север;Штейнберг;1
Операционный;Поступления;Покупатели;Пермь;Тсет;Садовский;янв.19=1 521 610/фев.19=1 989 062/мар.19=1 240 582/апр.19=1 894 211/май.19=1 210 716/июн.19=1 931 639/июл.19=2 209 754/авг.19=1 573 836/сен.19=2 198 126/окт.19=1 170 863/ноя.19=1 469 580/дек.19=2 077 514/янв.20=1 329 411/фев.20=2 709 142/мар.20=2 584 157/апр.20=2 080 949/май.20=2 186 800/июн.20=1 223 334/июл.20=1 996 160/авг.20=1 651 257/сен.20=1 606 282/окт.20=1 362 650/ноя.20=1 063 910/дек.20=1 847 813/янв.21=1 222 641/фев.21=2 862 810/мар.21=1 142 176/апр.21=1 112 538/май.21=2 538 318/июн.21=1 557 817/июл.21=1 117 821/авг.21=2 222 969/сен.21=879 724/окт.21=2 383 033/ноя.21=1 305 987/дек.21=2 523 600;;;;;;;Тсет;Садовский;1
Операционный;Выбытия;Поставщики;Пермь;Мегаснаб;Набойкин;янв.19=609 160/фев.19=601 501/мар.19=473 103/апр.19=486 883/май.19=767 609/июн.19=492 839/июл.19=594 518/авг.19=739 144/сен.19=442 099/окт.19=506 346/ноя.19=293 983/дек.19=567 415/янв.20=927 288/фев.20=346 931/мар.20=606 654/апр.20=973 111/май.20=1 214 702/июн.20=402 251/июл.20=584 396/авг.20=539 504/сен.20=580 302/окт.20=330 645/ноя.20=550 295/дек.20=687 371/янв.21=870 326/фев.21=398 257/мар.21=1 124 519/апр.21=1 119 525/май.21=472 909/июн.21=397 806/июл.21=1 296 666/авг.21=478 075/сен.21=656 388/окт.21=325 574/ноя.21=486 117/дек.21=1 095 463;;;;;;;Мегаснаб;Набойкин;3
Операционный;Выбытия;Поставщики;Пермь;Секрет;Белов;янв.19=234 952/фев.19=382 243/мар.19=374 004/апр.19=576 369/май.19=673 917/июн.19=418 467/июл.19=388 485/авг.19=440 553/сен.19=393 357/окт.19=447 063/ноя.19=420 201/дек.19=317 760/янв.20=728 931/фев.20=1 300 072/мар.20=1 379 778/апр.20=1 412 194/май.20=772 711/июн.20=650 155/июл.20=242 362/авг.20=384 238/сен.20=740 576/окт.20=519 543/ноя.20=597 013/дек.20=702 992/янв.21=840 752/фев.21=436 988/мар.21=529 851/апр.21=402 823/май.21=695 480/июн.21=540 248/июл.21=829 455/авг.21=674 323/сен.21=389 437/окт.21=286 959/ноя.21=317 186/дек.21=524 692;;;;;;;Секрет;Белов;3
Операционный;Выбытия;Поставщики;Пермь;Снабжение Север;Штейнберг;янв.19=575 093/фев.19=330 547/мар.19=569 353/апр.19=356 941/май.19=496 217/июн.19=690 675/июл.19=586 124/авг.19=401 884/сен.19=419 562/окт.19=372 758/ноя.19=190 563/дек.19=396 314/янв.20=343 975/фев.20=692 636/мар.20=1 101 356/апр.20=1 068 058/май.20=805 309/июн.20=730 118/июл.20=555 839/авг.20=590 104/сен.20=672 018/окт.20=874 227/ноя.20=422 008/дек.20=647 179/янв.21=494 912/фев.21=334 405/мар.21=407 873/апр.21=921 442/май.21=435 459/июн.21=469 698/июл.21=788 390/авг.21=558 092/сен.21=716 933/окт.21=440 980/ноя.21=604 440/дек.21=516 993;;;;;;;Снабжение Север;Штейнберг;3
Операционный;Выбытия;Поставщики;Пермь;;;янв.19=3 013 665/фев.19=2 664 373/мар.19=2 959 903/апр.19=3 459 147/май.19=3 860 879/июн.19=2 713 849/июл.19=3 367 028/авг.19=3 356 599/сен.19=2 405 173/окт.19=3 038 654/ноя.19=1 931 701/дек.19=2 341 161/янв.20=3 981 346/фев.20=4 624 450/мар.20=6 245 094/апр.20=6 179 193/май.20=5 623 070/июн.20=4 144 060/июл.20=2 976 201/авг.20=3 005 764/сен.20=3 691 494/окт.20=3 352 860/ноя.20=3 185 369/дек.20=4 673 701/янв.21=4 573 490/фев.21=3 578 051/мар.21=3 830 968/апр.21=4 819 617/май.21=3 878 480/июн.21=2 841 503/июл.21=4 918 489/авг.21=3 491 361/сен.21=3 086 956/окт.21=2 674 884/ноя.21=2 606 883/дек.21=4 874 856;;;;;;Пермь;;;3
Операционный;Выбытия;Поставщики;Пермь;Бетт;Маленков;янв.19=636 814/фев.19=638 895/мар.19=564 610/апр.19=714 790/май.19=558 790/июн.19=279 000/июл.19=643 489/авг.19=543 165/сен.19=459 368/окт.19=720 297/ноя.19=310 107/дек.19=226 339/янв.20=405 295/фев.20=435 644/мар.20=681 576/апр.20=802 970/май.20=837 701/июн.20=750 572/июл.20=591 921/авг.20=450 539/сен.20=630 768/окт.20=389 807/ноя.20=520 667/дек.20=919 697/янв.21=1 048 352/фев.21=676 067/мар.21=865 089/апр.21=1 270 805/май.21=605 955/июн.21=431 193/июл.21=1 108 519/авг.21=572 388/сен.21=477 791/окт.21=444 324/ноя.21=359 655/дек.21=1 144 249;;;;;;;Бетт;Маленков;3
Операционный;Выбытия;Поставщики;Пермь;Группа компаний Альфа;Карпович;янв.19=367 406/фев.19=267 292/мар.19=522 933/апр.19=766 260/май.19=853 755/июн.19=327 454/июл.19=415 553/авг.19=668 417/сен.19=210 993/окт.19=663 939/ноя.19=343 465/дек.19=253 478/янв.20=996 990/фев.20=1 023 836/мар.20=1 132 789/апр.20=1 077 589/май.20=1 002 143/июн.20=1 063 925/июл.20=492 936/авг.20=631 529/сен.20=636 043/окт.20=702 876/ноя.20=779 612/дек.20=842 742/янв.21=745 889/фев.21=831 116/мар.21=584 391/апр.21=627 876/май.21=855 378/июн.21=520 834/июл.21=491 754/авг.21=675 416/сен.21=562 376/окт.21=389 038/ноя.21=490 169/дек.21=816 231;;;;;;;Группа компаний Альфа;Карпович;3
Операционный;Выбытия;Поставщики;Пермь;Тсет;Садовский;янв.19=590 240/фев.19=443 894/мар.19=455 899/апр.19=557 904/май.19=510 591/июн.19=505 414/июл.19=738 859/авг.19=563 436/сен.19=479 795/окт.19=328 252/ноя.19=373 383/дек.19=579 855/янв.20=578 868/фев.20=825 331/мар.20=1 342 941/апр.20=845 271/май.20=990 504/июн.20=547 038/июл.20=508 748/авг.20=409 849/сен.20=431 787/окт.20=535 764/ноя.20=315 775/дек.20=873 720/янв.21=573 261/фев.21=901 218/мар.21=319 245/апр.21=477 146/май.21=813 299/июн.21=481 724/июл.21=403 705/авг.21=533 067/сен.21=284 031/окт.21=788 008/ноя.21=349 317/дек.21=777 228;;;;;;;Тсет;Садовский;3
Операционный;Выбытия;Подрядчики;Пермь;-;-;янв.19=220 840/фев.19=276 050/мар.19=18 403/апр.19=257 647/май.19=202 437/июн.19=202 437/июл.19=73 613/авг.19=276 050/сен.19=92 017/окт.19=239 243/ноя.19=73 613/дек.19=239 243/янв.20=202 437/фев.20=276 050/мар.20=55 210/апр.20=92 017/май.20=165 630/июн.20=18 403/июл.20=276 050/авг.20=257 647/сен.20=18 403/окт.20=257 647/ноя.20=18 403/дек.20=128 823/янв.21=18 403/фев.21=18 403/мар.21=276 050/апр.21=73 613/май.21=110 420/июн.21=18 403/июл.21=36 807/авг.21=147 227/сен.21=18 403/окт.21=18 403/ноя.21=165 630/дек.21=257 647;;;;;;Пермь;;;4
Операционный;Выбытия;Арендные платежи;Яранск;-;-;янв.19=287 407/фев.19=383 209/мар.19=410 582/апр.19=369 523/май.19=383 209/июн.19=218 977/июл.19=191 605/авг.19=177 919/сен.19=164 233/окт.19=218 977/ноя.19=383 209/дек.19=369 523/янв.20=246 349/фев.20=136 861/мар.20=369 523/апр.20=342 151/май.20=396 895/июн.20=301 093/июл.20=287 407/авг.20=287 407/сен.20=355 837/окт.20=260 035/ноя.20=232 663/дек.20=191 605/янв.21=177 919/фев.21=342 151/мар.21=314 779/апр.21=328 465/май.21=396 895/июн.21=273 721/июл.21=260 035/авг.21=218 977/сен.21=150 547/окт.21=287 407/ноя.21=287 407/дек.21=301 093;;;;;;Яранск;;;6
Операционный;Выбытия;Налоги на прибыль;Яранск;-;-;янв.19=184 844/фев.19=302 491/мар.19=348 299/апр.19=342 449/май.19=185 045/июн.19=186 170/июл.19=426 467/авг.19=99 785/сен.19=329 480/окт.19=92 839/ноя.19=173 846/дек.19=187 033/янв.20=456 883/фев.20=268 377/мар.20=16 083/апр.20=97 290/май.20=70 155/июн.20=264 778/июл.20=599 156/авг.20=238 742/сен.20=128 563/окт.20=56 394/ноя.20=96 649/дек.20=357 092/янв.21=81 695/фев.21=269 200/мар.21=302 410/апр.21=312 046/май.21=321 715/июн.21=455 774/июл.21=56 337/авг.21=569 277/сен.21=154 652/окт.21=448 418/ноя.21=538 752/дек.21=155 081;;;;;;Яранск;;;6
Финансовый;Выбытия;Налоги на прибыль;Яранск;;;янв.19=-1 960 482/фев.19=-2 304 736/мар.19=-1 802 102/апр.19=-1 344 368/май.19=-2 164 240/июн.19=-2 161 930/июл.19=-1 223 546/авг.19=-1 660 456/сен.19=-1 438 074/окт.19=-2 197 983/ноя.19=-1 310 891/дек.19=-2 374 413/янв.20=-2 531 415/фев.20=-2 491 669/мар.20=-2 091 567/апр.20=-1 464 988/май.20=-2 630 206/июн.20=-1 800 723/июл.20=-2 603 013/авг.20=-1 833 355/сен.20=-1 584 138/окт.20=-1 980 817/ноя.20=-2 315 406/дек.20=-1 925 766/янв.21=-1 803 673/фев.21=-1 436 346/мар.21=-2 187 139/апр.21=-1 576 716/май.21=-2 068 843/июн.21=-1 810 456/июл.21=-1 050 169/авг.21=-1 600 509/сен.21=-1 832 833/окт.21=-1 955 090/ноя.21=-1 225 542/дек.21=-1 960 455;;;Финансовый;;;;;;6
Операционный;Выбытия;Расчеты с персоналом;Яранск;-;-;янв.19=127 177/фев.19=332 618/мар.19=361 966/апр.19=313 052/май.19=107 612/июн.19=244 572/июл.19=166 309/авг.19=244 572/сен.19=293 486/окт.19=381 532/ноя.19=225 006/дек.19=166 309/янв.20=342 400/фев.20=352 183/мар.20=391 315/апр.20=313 052/май.20=283 703/июн.20=332 618/июл.20=195 657/авг.20=371 749/сен.20=371 749/окт.20=185 875/ноя.20=283 703/дек.20=234 789/янв.21=254 355/фев.21=342 400/мар.21=264 138/апр.21=225 006/май.21=342 400/июн.21=254 355/июл.21=185 875/авг.21=166 309/сен.21=136 960/окт.21=215 223/ноя.21=185 875/дек.21=283 703;;;;;;Яранск;;;5
Операционный;Выбытия;Транспорт;Яранск;-;-;янв.19=322 835/фев.19=273 920/мар.19=195 657/апр.19=215 223/май.19=293 486/июн.19=391 315/июл.19=283 703/авг.19=215 223/сен.19=234 789/окт.19=225 006/ноя.19=313 052/дек.19=283 703/янв.20=273 920/фев.20=381 532/мар.20=381 532/апр.20=293 486/май.20=361 966/июн.20=313 052/июл.20=273 920/авг.20=352 183/сен.20=391 315/окт.20=205 440/ноя.20=283 703/дек.20=391 315/янв.21=342 400/фев.21=352 183/мар.21=332 618/апр.21=283 703/май.21=225 006/июн.21=361 966/июл.21=234 789/авг.21=361 966/сен.21=293 486/окт.21=225 006/ноя.21=352 183/дек.21=273 920;;;;;;Яранск;;;6
Операционный;Выбытия;Налоги с ФОТ;Яранск;-;-;янв.19=78 263/фев.19=97 829/мар.19=156 526/апр.19=48 914/май.19=146 743/июн.19=176 092/июл.19=166 309/авг.19=146 743/сен.19=166 309/окт.19=146 743/ноя.19=88 046/дек.19=68 480/янв.20=117 394/фев.20=166 309/мар.20=58 697/апр.20=78 263/май.20=68 480/июн.20=176 092/июл.20=127 177/авг.20=176 092/сен.20=39 131/окт.20=185 875/ноя.20=97 829/дек.20=117 394/янв.21=68 480/фев.21=78 263/мар.21=97 829/апр.21=78 263/май.21=68 480/июн.21=176 092/июл.21=166 309/авг.21=195 657/сен.21=88 046/окт.21=39 131/ноя.21=78 263/дек.21=78 263;;;;;;Яранск;;;5
Инвестиционный;Выбытия;Покупка ОС;Яранск;-;-;янв.19=506 384/фев.19=465 326/мар.19=479 012/апр.19=506 384/май.19=506 384/июн.19=369 523/июл.19=287 407/авг.19=328 465/сен.19=533 756/окт.19=533 756/ноя.19=424 268/дек.19=533 756/янв.20=369 523/фев.20=424 268/мар.20=342 151/апр.20=355 837/май.20=424 268/июн.20=506 384/июл.20=314 779/авг.20=355 837/сен.20=479 012/окт.20=492 698/ноя.20=424 268/дек.20=342 151/янв.21=492 698/фев.21=479 012/мар.21=492 698/апр.21=437 954/май.21=115 474 421/июн.21=479 012/июл.21=328 465/авг.21=410 582/сен.21=437 954/окт.21=396 895/ноя.21=383 209/дек.21=451 640;;;;;;Яранск;;;9
Денежный поток;Выбытия;Покупка ОС;Яранск;;;янв.19=6 185 242/фев.19=9 732 217/мар.19=7 842 617/апр.19=7 861 781/май.19=3 685 645/июн.19=8 204 571/июл.19=8 869 649/авг.19=-51 876 875/сен.19=8 672 020/окт.19=5 805 438/ноя.19=8 537 718/дек.19=6 837 699/янв.20=5 591 816/фев.20=7 346 739/мар.20=4 703 307/апр.20=5 477 301/май.20=6 949 145/июн.20=6 409 333/июл.20=9 377 691/авг.20=9 874 511/сен.20=7 814 141/окт.20=3 285 548/ноя.20=4 383 881/дек.20=8 938 389/янв.21=3 633 128/фев.21=9 256 356/мар.21=7 148 286/апр.21=8 470 558/май.21=-104 700 780/июн.21=12 013 297/июл.21=6 467 879/авг.21=11 199 871/сен.21=5 916 707/окт.21=8 733 166/ноя.21=11 551 916/дек.21=6 236 854;;;Денежный поток;;;;;;9
Финансовый;Поступления;Кредиты полученные;Яранск;-;-;янв.19=396 895/фев.19=218 977/мар.19=396 895/апр.19=520 070/май.19=260 035/июн.19=205 291/июл.19=177 919/авг.19=492 698/сен.19=520 070/окт.19=301 093/ноя.19=547 442/дек.19=520 070/янв.20=260 035/фев.20=328 465/мар.20=355 837/апр.20=342 151/май.20=164 233/июн.20=301 093/июл.20=150 547/авг.20=451 640/сен.20=328 465/окт.20=164 233/ноя.20=301 093/дек.20=205 291/янв.21=479 012/фев.21=547 442/мар.21=232 663/апр.21=342 151/май.21=301 093/июн.21=218 977/июл.21=520 070/авг.21=383 209/сен.21=273 721/окт.21=150 547/ноя.21=383 209/дек.21=164 233;;;;;;Яранск;;;7
Инвестиционный;Выбытия;Продажа ОС;Яранск;;;янв.19=1 655 255/фев.19=1 835 639/мар.19=1 920 665/апр.19=1 480 392/май.19=1 892 125/июн.19=1 351 393/июл.19=1 404 097/авг.19=60 139 651/сен.19=1 879 749/окт.19=1 903 922/ноя.19=1 699 067/дек.19=1 436 718/янв.20=1 550 134/фев.20=1 366 683/мар.20=1 712 170/апр.20=1 694 116/май.20=1 619 718/июн.20=1 789 633/июл.20=1 676 789/авг.20=1 908 138/сен.20=1 809 724/окт.20=1 744 060/ноя.20=1 263 897/дек.20=1 696 594/янв.21=1 863 158/фев.21=1 342 373/мар.21=1 475 009/апр.21=1 784 535/май.21=116 472 602/июн.21=1 683 354/июл.21=1 746 388/авг.21=1 606 032/сен.21=1 704 892/окт.21=1 220 655/ноя.21=1 641 992/дек.21=1 663 843;;;;Выбытия;;;;;9
Финансовый;Выбытия;Гашение кредитов;Яранск;-;-;янв.19=68 430/фев.19=177 919/мар.19=260 035/апр.19=123 174/май.19=164 233/июн.19=95 802/июл.19=54 744/авг.19=273 721/сен.19=177 919/окт.19=68 430/ноя.19=232 663/дек.19=246 349/янв.20=246 349/фев.20=273 721/мар.20=95 802/апр.20=136 861/май.20=273 721/июн.20=218 977/июл.20=246 349/авг.20=54 744/сен.20=95 802/окт.20=82 116/ноя.20=177 919/дек.20=273 721/янв.21=164 233/фев.21=205 291/мар.21=136 861/апр.21=82 116/май.21=260 035/июн.21=95 802/июл.21=150 547/авг.21=150 547/сен.21=273 721/окт.21=123 174/ноя.21=136 861/дек.21=68 430;;;;;;Яранск;;;8
Финансовый;Выбытия;Кредиты полученные;Яранск;;;янв.19=3 260 781/фев.19=3 600 212/мар.19=3 489 519/апр.19=2 940 938/май.19=3 224 746/июн.19=2 874 025/июл.19=2 922 026/авг.19=3 404 664/сен.19=3 010 912/окт.19=3 037 473/ноя.19=3 109 696/дек.19=3 607 006/янв.20=3 639 530/фев.20=3 517 083/мар.20=3 144 647/апр.20=2 687 106/май.20=3 618 199/июн.20=3 068 258/июл.20=3 371 159/авг.20=2 902 741/сен.20=3 021 873/окт.20=2 905 478/ноя.20=3 487 280/дек.20=3 287 200/янв.21=3 233 846/фев.21=3 020 981/мар.21=3 535 903/апр.21=2 933 213/май.21=3 257 176/июн.21=3 011 303/июл.21=2 901 098/авг.21=3 171 160/сен.21=3 476 425/окт.21=3 293 078/ноя.21=2 748 584/дек.21=3 161 734;;;;Выбытия;;;;;7
Финансовый;Поступления;Налоги на прибыль;Яранск;;;янв.19=1 300 299/фев.19=1 295 477/мар.19=1 687 417/апр.19=1 596 570/май.19=1 060 505/июн.19=712 095/июл.19=1 698 480/авг.19=1 744 208/сен.19=1 572 839/окт.19=839 490/ноя.19=1 798 805/дек.19=1 232 594/янв.20=1 108 115/фев.20=1 025 414/мар.20=1 053 080/апр.20=1 222 118/май.20=987 993/июн.20=1 267 535/июл.20=768 146/авг.20=1 069 386/сен.20=1 437 735/окт.20=924 660/ноя.20=1 171 874/дек.20=1 361 434/янв.21=1 430 172/фев.21=1 584 635/мар.21=1 348 764/апр.21=1 356 497/май.21=1 188 333/июн.21=1 200 846/июл.21=1 850 929/авг.21=1 570 651/сен.21=1 643 592/окт.21=1 337 988/ноя.21=1 523 041/дек.21=1 201 279;;;;Поступления;;;;;7
Финансовый;Выбытия;Покупатели;Яранск;-;-;янв.19=273 721/фев.19=260 035/мар.19=273 721/апр.19=246 349/май.19=246 349/июн.19=273 721/июл.19=150 547/авг.19=164 233/сен.19=150 547/окт.19=205 291/ноя.19=136 861/дек.19=191 605/янв.20=177 919/фев.20=218 977/мар.20=232 663/апр.20=177 919/май.20=218 977/июн.20=191 605/июл.20=150 547/авг.20=150 547/сен.20=191 605/окт.20=205 291/ноя.20=136 861/дек.20=273 721/янв.21=273 721/фев.21=273 721/мар.21=164 233/апр.21=273 721/май.21=177 919/июн.21=260 035/июл.21=177 919/авг.21=164 233/сен.21=164 233/окт.21=136 861/ноя.21=177 919/дек.21=164 233;;;;;;Яранск;;;7
Финансовый;Выбытия;Проценты к уплате;Яранск;-;-;янв.19=546 478/фев.19=461 248/мар.19=441 194/апр.19=476 289/май.19=546 478/июн.19=516 397/июл.19=441 194/авг.19=526 424/сен.19=596 614/окт.19=481 302/ноя.19=481 302/дек.19=506 370/янв.20=481 302/фев.20=496 343/мар.20=426 153/апр.20=441 194/май.20=516 397/июн.20=496 343/июл.20=456 234/авг.20=421 139/сен.20=541 465/окт.20=506 370/ноя.20=476 289/дек.20=561 519/янв.21=601 628/фев.21=526 424/мар.21=581 573/апр.21=486 316/май.21=476 289/июн.21=481 302/июл.21=526 424/авг.21=431 167/сен.21=581 573/окт.21=406 099/ноя.21=406 099/дек.21=556 506;;;;;;Яранск;;;8
Инвестиционный;Выбытия;Проценты к уплате;Яранск;;;янв.19=-1 270 017/фев.19=-1 492 185/мар.19=-1 614 629/апр.19=-1 101 558/май.19=-1 511 254/июн.19=-1 023 662/июл.19=-1 080 733/авг.19=-59 819 929/сен.19=-1 483 008/окт.19=-1 515 042/ноя.19=-1 310 188/дек.19=-1 061 525/янв.20=-1 226 771/фев.20=-987 996/мар.20=-1 313 245/апр.20=-1 376 577/май.20=-1 323 726/июн.20=-1 434 678/июл.20=-1 297 955/авг.20=-1 532 945/сен.20=-1 511 549/окт.20=-1 461 755/ноя.20=-936 166/дек.20=-1 406 428/янв.21=-1 535 574/фев.21=-998 919/мар.21=-1 139 417/апр.21=-1 374 109/май.21=-116 091 731/июн.21=-1 379 501/июл.21=-1 397 109/авг.21=-1 339 596/сен.21=-1 375 124/окт.21=-908 794/ноя.21=-1 306 399/дек.21=-1 304 520;;;Инвестиционный;;;;;;8
Инвестиционный;Поступления;Проценты к уплате;Яранск;;;янв.19=385 238/фев.19=343 454/мар.19=306 036/апр.19=378 834/май.19=380 871/июн.19=327 731/июл.19=323 363/авг.19=319 722/сен.19=396 741/окт.19=388 879/ноя.19=388 879/дек.19=375 193/янв.20=323 363/фев.20=378 687/мар.20=398 924/апр.20=317 539/май.20=295 991/июн.20=354 956/июл.20=378 834/авг.20=375 193/сен.20=298 175/окт.20=282 305/ноя.20=327 731/дек.20=290 166/янв.21=327 584/фев.21=343 454/мар.21=335 592/апр.21=410 427/май.21=380 871/июн.21=303 853/июл.21=349 278/авг.21=266 435/сен.21=329 767/окт.21=311 861/ноя.21=335 592/дек.21=359 323;;;;Поступления;;;;;8
Инвестиционный;Поступления;Продажа ОС;Яранск;-;-;янв.19=68 430/фев.19=82 116/мар.19=68 430/апр.19=109 488/май.19=95 802/июн.19=82 116/июл.19=109 488/авг.19=82 116/сен.19=95 802/окт.19=95 802/ноя.19=95 802/дек.19=82 116/янв.20=109 488/фев.20=109 488/мар.20=82 116/апр.20=95 802/май.20=82 116/июн.20=109 488/июл.20=109 488/авг.20=82 116/сен.20=68 430/окт.20=68 430/ноя.20=82 116/дек.20=68 430/янв.21=82 116/фев.21=82 116/мар.21=82 116/апр.21=109 488/май.21=95 802/июн.21=82 116/июл.21=95 802/авг.21=68 430/сен.21=68 430/окт.21=82 116/ноя.21=82 116/дек.21=82 116;;;;;;Яранск;;;9
Остаток на конец;Выбытия;Покупка ОС;Яранск;;;янв.19=6 187 874/фев.19=15 920 090/мар.19=23 762 707/апр.19=31 624 488/май.19=35 310 134/июн.19=43 514 705/июл.19=52 384 355/авг.19=507 480/сен.19=9 179 499/окт.19=14 984 937/ноя.19=23 522 656/дек.19=30 360 355/янв.20=35 952 170/фев.20=43 298 910/мар.20=48 002 217/апр.20=53 479 517/май.20=60 428 662/июн.20=66 837 996/июл.20=76 215 686/авг.20=86 090 198/сен.20=93 904 338/окт.20=97 189 887/ноя.20=101 573 768/дек.20=110 512 156/янв.21=114 145 285/фев.21=123 401 641/мар.21=130 549 927/апр.21=139 020 485/май.21=34 319 705/июн.21=46 333 002/июл.21=52 800 881/авг.21=64 000 752/сен.21=69 917 459/окт.21=78 650 625/ноя.21=90 202 541/дек.21=96 439 395;;;Остаток на конец;;;;;;10
Операционный;Поступления;Покупатели;Яранск;;;янв.19=6 315 284/фев.19=5 311 513/мар.19=6 662 046/апр.19=6 795 479/май.19=6 509 883/июн.19=5 108 421/июл.19=5 840 679/авг.19=4 722 867/сен.19=6 782 748/окт.19=4 957 309/ноя.19=4 657 126/дек.19=5 980 933/янв.20=6 597 257/фев.20=8 039 687/мар.20=7 443 268/апр.20=6 158 857/май.20=5 516 832/июн.20=7 173 970/июл.20=7 498 586/авг.20=5 683 355/сен.20=5 181 265/окт.20=3 950 926/ноя.20=5 206 950/дек.20=7 581 511/янв.21=6 310 685/фев.21=7 350 071/мар.21=6 559 781/апр.21=8 447 535/май.21=6 800 651/июн.21=7 548 340/июл.21=6 068 448/авг.21=7 344 178/сен.21=5 469 117/окт.21=6 180 279/ноя.21=7 039 461/дек.21=6 410 632;;;;;;Яранск;;;1
Операционный;Выбытия;Прочие поступления;Яранск;;;янв.19=12 815 219/фев.19=11 421 475/мар.19=11 485 323/апр.19=12 438 746/май.19=13 304 662/июн.19=11 373 690/июл.19=12 446 052/авг.19=11 487 202/сен.19=11 153 558/окт.19=11 610 244/ноя.19=8 958 867/дек.19=10 128 575/янв.20=13 337 486/фев.20=15 936 550/мар.20=19 335 767/апр.20=15 161 732/май.20=15 859 787/июн.20=13 129 730/июл.20=11 900 896/авг.20=11 923 254/сен.20=12 308 084/окт.20=11 231 650/ноя.20=11 152 998/дек.20=14 828 110/янв.21=14 262 530/фев.21=13 612 750/мар.21=13 316 003/апр.21=16 349 802/май.21=13 446 317/июн.21=11 457 726/июл.21=14 439 771/авг.21=13 171 557/сен.21=10 957 514/окт.21=10 700 354/ноя.21=11 371 131/дек.21=16 033 706;;;;Выбытия;;;;;2
Операционный;Поступления;Покупатели;Яранск;СНДК;Маленков;янв.19=1 219 961/фев.19=1 421 430/мар.19=1 529 475/апр.19=1 637 892/май.19=1 356 761/июн.19=1 376 678/июл.19=1 193 488/авг.19=777 505/сен.19=1 797 558/окт.19=1 368 540/ноя.19=1 045 610/дек.19=1 376 211/янв.20=1 179 744/фев.20=1 877 710/мар.20=2 283 390/апр.20=1 083 002/май.20=1 509 422/июн.20=942 304/июл.20=2 027 605/авг.20=1 181 144/сен.20=1 272 033/окт.20=897 567/ноя.20=854 568/дек.20=2 124 371/янв.21=1 888 668/фев.21=2 027 884/мар.21=1 817 055/апр.21=1 890 466/май.21=1 553 090/июн.21=2 232 051/июл.21=1 790 165/авг.21=1 353 638/сен.21=1 824 616/окт.21=1 365 742/ноя.21=1 239 782/дек.21=2 061 403;;;;;;;СНДК;Маленков;2
Операционный;Поступления;Покупатели;Яранск;СтройМонтаж;Игнатов;янв.19=1 997 333/фев.19=1 050 163/мар.19=2 245 204/апр.19=2 273 554/май.19=1 788 349/июн.19=1 374 401/июл.19=1 652 267/авг.19=1 705 899/сен.19=2 024 292/окт.19=880 901/ноя.19=895 676/дек.19=1 515 196/янв.20=2 376 367/фев.20=1 965 710/мар.20=2 050 383/апр.20=2 062 378/май.20=1 154 272/июн.20=2 401 547/июл.20=1 597 116/авг.20=1 417 237/сен.20=1 317 317/окт.20=784 464/ноя.20=1 272 198/дек.20=1 328 046/янв.21=1 097 644/фев.21=1 611 927/мар.21=1 437 767/апр.21=1 908 070/май.21=2 079 773/июн.21=1 034 381/июл.21=2 462 512/авг.21=1 920 391/сен.21=1 250 900/окт.21=1 515 846/ноя.21=2 174 764/дек.21=1 415 751;;;;;;;СтройМонтаж;Игнатов;2
Операционный;Поступления;Покупатели;Яранск;Провизион;Садовский;янв.19=1 550 435/фев.19=1 927 449/мар.19=1 845 337/апр.19=1 510 061/май.19=1 494 436/июн.19=1 100 228/июл.19=2 030 588/авг.19=1 530 897/сен.19=1 948 671/окт.19=1 969 373/ноя.19=1 275 048/дек.19=1 347 194/янв.20=1 578 971/фев.20=2 027 217/мар.20=1 358 930/апр.20=985 288/май.20=1 519 282/июн.20=1 875 706/июл.20=1 677 502/авг.20=1 690 728/сен.20=1 442 444/окт.20=956 631/ноя.20=2 011 543/дек.20=2 057 574/янв.21=1 941 935/фев.21=2 428 140/мар.21=1 248 491/апр.21=2 537 559/май.21=1 993 079/июн.21=2 210 422/июл.21=886 218/авг.21=2 050 190/сен.21=1 460 615/окт.21=1 568 735/ноя.21=2 124 521/дек.21=1 401 426;;;;;;;Провизион;Садовский;1
Операционный;Поступления;Покупатели;Яранск;Мерлин;Набойкин;янв.19=1 547 554/фев.19=912 470/мар.19=1 042 031/апр.19=1 373 971/май.19=1 870 338/июн.19=1 257 114/июл.19=964 336/авг.19=708 567/сен.19=1 012 227/окт.19=738 494/ноя.19=1 440 792/дек.19=1 742 333/янв.20=1 462 175/фев.20=2 169 050/мар.20=1 750 565/апр.20=2 028 190/май.20=1 333 857/июн.20=1 954 413/июл.20=2 196 363/авг.20=1 394 246/сен.20=1 149 472/окт.20=1 312 265/ноя.20=1 068 641/дек.20=2 071 520/янв.21=1 382 438/фев.21=1 282 120/мар.21=2 056 468/апр.21=2 111 440/май.21=1 174 708/июн.21=2 071 486/июл.21=929 553/авг.21=2 019 959/сен.21=932 986/окт.21=1 729 956/ноя.21=1 500 394/дек.21=1 532 052;;;;;;;Мерлин;Набойкин;1
Операционный;Поступления;Прочие поступления;Яранск;-;-;янв.19=68 480/фев.19=78 263/мар.19=68 480/апр.19=78 263/май.19=48 914/июн.19=78 263/июл.19=78 263/авг.19=78 263/сен.19=48 914/окт.19=58 697/ноя.19=48 914/дек.19=58 697/янв.20=58 697/фев.20=68 480/мар.20=68 480/апр.20=58 697/май.20=48 914/июн.20=78 263/июл.20=48 914/авг.20=78 263/сен.20=78 263/окт.20=78 263/ноя.20=58 697/дек.20=68 480/янв.21=48 914/фев.21=48 914/мар.21=48 914/апр.21=68 480/май.21=58 697/июн.21=58 697/июл.21=68 480/авг.21=68 480/сен.21=48 914/окт.21=78 263/ноя.21=68 480/дек.21=58 697;;;;;;Яранск;;;2
Операционный;Выбытия;Поставщики;Яранск;;;янв.19=2 480 526/фев.19=1 125 742/мар.19=1 848 974/апр.19=2 118 909/май.19=2 736 499/июн.19=1 402 510/июл.19=1 890 366/авг.19=1 441 249/сен.19=1 852 469/окт.19=1 715 124/ноя.19=848 218/дек.19=1 628 807/янв.20=2 076 563/фев.20=3 533 377/мар.20=4 520 301/апр.20=2 913 416/май.20=2 180 747/июн.20=2 766 378/июл.20=2 112 437/авг.20=1 389 932/сен.20=1 612 739/окт.20=1 683 231/ноя.20=2 200 194/дек.20=3 005 915/янв.21=2 856 105/фев.21=2 527 681/мар.21=2 523 457/апр.21=3 602 653/май.21=1 938 584/июн.21=1 748 207/июл.21=2 894 006/авг.21=2 003 994/сен.21=2 014 093/окт.21=1 518 998/ноя.21=1 696 467/дек.21=2 948 760;;;;;;Яранск;;;4
Операционный;Выбытия;Подрядчики;Яранск;-;-;янв.19=117 394/фев.19=39 131/мар.19=117 394/апр.19=39 131/май.19=48 914/июн.19=19 566/июл.19=136 960/авг.19=117 394/сен.19=117 394/окт.19=9 783/ноя.19=136 960/дек.19=78 263/янв.20=9 783/фев.20=58 697/мар.20=29 349/апр.20=146 743/май.20=127 177/июн.20=58 697/июл.20=29 349/авг.20=19 566/сен.20=68 480/окт.20=78 263/ноя.20=48 914/дек.20=146 743/янв.21=39 131/фев.21=48 914/мар.21=78 263/апр.21=48 914/май.21=19 566/июн.21=19 566/июл.21=146 743/авг.21=9 783/сен.21=78 263/окт.21=29 349/ноя.21=107 612/дек.21=9 783;;;;;;Яранск;;;4
Операционный;Выбытия;Поставщики;Яранск;Провизион;Садовский;янв.19=671 587/фев.19=422 178/мар.19=500 779/апр.19=444 760/май.19=551 463/июн.19=304 809/июл.19=760 895/авг.19=539 224/сен.19=536 305/окт.19=721 997/ноя.19=192 496/дек.19=423 017/янв.20=423 098/фев.20=962 283/мар.20=837 878/апр.20=558 445/май.20=720 411/июн.20=688 534/июл.20=522 541/авг.20=350 976/сен.20=387 745/окт.20=402 521/ноя.20=916 382/дек.20=609 880/янв.21=755 901/фев.21=990 867/мар.21=365 192/апр.21=1 049 442/май.21=627 590/июн.21=517 529/июл.21=333 680/авг.21=626 593/сен.21=480 826/окт.21=326 066/ноя.21=531 591/дек.21=463 988;;;;;;;Провизион;Садовский;4
Операционный;Выбытия;Поставщики;Яранск;СНДК;Маленков;янв.19=528 439/фев.19=234 975/мар.19=484 239/апр.19=631 727/май.19=500 659/июн.19=480 278/июл.19=481 621/авг.19=246 922/сен.19=341 184/окт.19=472 211/ноя.19=180 959/дек.19=432 128/янв.20=371 443/фев.20=718 373/мар.20=1 387 763/апр.20=675 211/май.20=673 005/июн.20=358 479/июл.20=382 787/авг.20=309 156/сен.20=478 712/окт.20=427 198/ноя.20=371 613/дек.20=839 572/янв.21=852 125/фев.21=768 423/мар.21=791 346/апр.21=723 914/май.21=480 464/июн.21=512 733/июл.21=935 397/авг.21=375 520/сен.21=797 020/окт.21=354 841/ноя.21=353 003/дек.21=1 047 550;;;;;;;СНДК;Маленков;4
Операционный;Выбытия;Поставщики;Яранск;СтройМонтаж;Игнатов;янв.19=710 211/фев.19=295 123/мар.19=545 826/апр.19=637 745/май.19=895 605/июн.19=282 049/июл.19=381 004/авг.19=413 710/сен.19=643 566/окт.19=242 212/ноя.19=135 222/дек.19=400 251/янв.20=684 524/фев.20=807 746/мар.20=1 246 149/апр.20=779 282/май.20=400 287/июн.20=897 587/июл.20=512 577/авг.20=383 743/сен.20=424 932/окт.20=265 145/ноя.20=491 752/дек.20=562 346/янв.21=563 205/фев.21=394 674/мар.21=457 939/апр.21=891 400/май.21=551 485/июн.21=306 153/июл.21=1 267 789/авг.21=460 509/сен.21=340 518/окт.21=315 072/ноя.21=384 667/дек.21=741 248;;;;;;;СтройМонтаж;Игнатов;4
Операционный;Выбытия;Поставщики;Яранск;Мерлин;Набойкин;янв.19=570 289/фев.19=173 466/мар.19=318 129/апр.19=404 677/май.19=788 771/июн.19=335 374/июл.19=266 845/авг.19=241 394/сен.19=331 415/окт.19=278 704/ноя.19=339 542/дек.19=373 411/янв.20=597 498/фев.20=1 044 975/мар.20=1 048 511/апр.20=900 477/май.20=387 044/июн.20=821 778/июл.20=694 532/авг.20=346 058/сен.20=321 351/окт.20=588 367/ноя.20=420 446/дек.20=994 117/янв.21=684 874/фев.21=373 717/мар.21=908 980/апр.21=937 897/май.21=279 045/июн.21=411 792/июл.21=357 140/авг.21=541 372/сен.21=395 730/окт.21=523 019/ноя.21=427 207/дек.21=695 975;;;;;;;Мерлин;Набойкин;4
~;;;;;;янв.19=/фев.19=/мар.19=/апр.19=/май.19=/июн.19=/июл.19=/авг.19=/сен.19=/окт.19=/ноя.19=/дек.19=/янв.20=/фев.20=/мар.20=/апр.20=/май.20=/июн.20=/июл.20=/авг.20=/сен.20=/окт.20=/ноя.20=/дек.20=/янв.21=/фев.21=/мар.21=/апр.21=/май.21=/июн.21=/июл.21=/авг.21=/сен.21=/окт.21=/ноя.21=/дек.21=;;;;;;;;;
~;;;;;;янв.19=/фев.19=/мар.19=/апр.19=/май.19=/июн.19=/июл.19=/авг.19=/сен.19=/окт.19=/ноя.19=/дек.19=/янв.20=/фев.20=/мар.20=/апр.20=/май.20=/июн.20=/июл.20=/авг.20=/сен.20=/окт.20=/ноя.20=/дек.20=/янв.21=/фев.21=/мар.21=/апр.21=/май.21=/июн.21=/июл.21=/авг.21=/сен.21=/окт.21=/ноя.21=/дек.21=;;;;;;;;;
~;;;;;;янв.19=/фев.19=/мар.19=/апр.19=/май.19=/июн.19=/июл.19=/авг.19=/сен.19=/окт.19=/ноя.19=/дек.19=/янв.20=/фев.20=/мар.20=/апр.20=/май.20=/июн.20=/июл.20=/авг.20=/сен.20=/окт.20=/ноя.20=/дек.20=/янв.21=/фев.21=/мар.21=/апр.21=/май.21=/июн.21=/июл.21=/авг.21=/сен.21=/окт.21=/ноя.21=/дек.21=;;;;;;;;;
Выбытия;128;128;0;255;;янв.19=/фев.19=/мар.19=/апр.19=/май.19=/июн.19=/июл.19=/авг.19=/сен.19=/окт.19=/ноя.19=/дек.19=/янв.20=/фев.20=/мар.20=/апр.20=/май.20=/июн.20=/июл.20=/авг.20=/сен.20=/окт.20=/ноя.20=/дек.20=/янв.21=/фев.21=/мар.21=/апр.21=/май.21=/июн.21=/июл.21=/авг.21=/сен.21=/окт.21=/ноя.21=/дек.21=;;;;;;;;;
Выбытия [сумма];0;128;0;255;;янв.19=/фев.19=/мар.19=/апр.19=/май.19=/июн.19=/июл.19=/авг.19=/сен.19=/окт.19=/ноя.19=/дек.19=/янв.20=/фев.20=/мар.20=/апр.20=/май.20=/июн.20=/июл.20=/авг.20=/сен.20=/окт.20=/ноя.20=/дек.20=/янв.21=/фев.21=/мар.21=/апр.21=/май.21=/июн.21=/июл.21=/авг.21=/сен.21=/окт.21=/ноя.21=/дек.21=;;;;;;;;;
Операционный;0;0;255;255;;янв.19=/фев.19=/мар.19=/апр.19=/май.19=/июн.19=/июл.19=/авг.19=/сен.19=/окт.19=/ноя.19=/дек.19=/янв.20=/фев.20=/мар.20=/апр.20=/май.20=/июн.20=/июл.20=/авг.20=/сен.20=/окт.20=/ноя.20=/дек.20=/янв.21=/фев.21=/мар.21=/апр.21=/май.21=/июн.21=/июл.21=/авг.21=/сен.21=/окт.21=/ноя.21=/дек.21=;;;;;;;;;
Поступления;131;0;0;255;;янв.19=/фев.19=/мар.19=/апр.19=/май.19=/июн.19=/июл.19=/авг.19=/сен.19=/окт.19=/ноя.19=/дек.19=/янв.20=/фев.20=/мар.20=/апр.20=/май.20=/июн.20=/июл.20=/авг.20=/сен.20=/окт.20=/ноя.20=/дек.20=/янв.21=/фев.21=/мар.21=/апр.21=/май.21=/июн.21=/июл.21=/авг.21=/сен.21=/окт.21=/ноя.21=/дек.21=;;;;;;;;;
Поступления [сумма];192;192;192;255;;янв.19=/фев.19=/мар.19=/апр.19=/май.19=/июн.19=/июл.19=/авг.19=/сен.19=/окт.19=/ноя.19=/дек.19=/янв.20=/фев.20=/мар.20=/апр.20=/май.20=/июн.20=/июл.20=/авг.20=/сен.20=/окт.20=/ноя.20=/дек.20=/янв.21=/фев.21=/мар.21=/апр.21=/май.21=/июн.21=/июл.21=/авг.21=/сен.21=/окт.21=/ноя.21=/дек.21=;;;;;;;;;
~;;;;;;янв.19=/фев.19=/мар.19=/апр.19=/май.19=/июн.19=/июл.19=/авг.19=/сен.19=/окт.19=/ноя.19=/дек.19=/янв.20=/фев.20=/мар.20=/апр.20=/май.20=/июн.20=/июл.20=/авг.20=/сен.20=/окт.20=/ноя.20=/дек.20=/янв.21=/фев.21=/мар.21=/апр.21=/май.21=/июн.21=/июл.21=/авг.21=/сен.21=/окт.21=/ноя.21=/дек.21=;;;;;;;;;
~;;;;;;янв.19=/фев.19=/мар.19=/апр.19=/май.19=/июн.19=/июл.19=/авг.19=/сен.19=/окт.19=/ноя.19=/дек.19=/янв.20=/фев.20=/мар.20=/апр.20=/май.20=/июн.20=/июл.20=/авг.20=/сен.20=/окт.20=/ноя.20=/дек.20=/янв.21=/фев.21=/мар.21=/апр.21=/май.21=/июн.21=/июл.21=/авг.21=/сен.21=/окт.21=/ноя.21=/дек.21=;;;;;;;;;
~;;;;;;янв.19=/фев.19=/мар.19=/апр.19=/май.19=/июн.19=/июл.19=/авг.19=/сен.19=/окт.19=/ноя.19=/дек.19=/янв.20=/фев.20=/мар.20=/апр.20=/май.20=/июн.20=/июл.20=/авг.20=/сен.20=/окт.20=/ноя.20=/дек.20=/янв.21=/фев.21=/мар.21=/апр.21=/май.21=/июн.21=/июл.21=/авг.21=/сен.21=/окт.21=/ноя.21=/дек.21=;;;;;;;;;
~;;;;;;янв.19=/фев.19=/мар.19=/апр.19=/май.19=/июн.19=/июл.19=/авг.19=/сен.19=/окт.19=/ноя.19=/дек.19=/янв.20=/фев.20=/мар.20=/апр.20=/май.20=/июн.20=/июл.20=/авг.20=/сен.20=/окт.20=/ноя.20=/дек.20=/янв.21=/фев.21=/мар.21=/апр.21=/май.21=/июн.21=/июл.21=/авг.21=/сен.21=/окт.21=/ноя.21=/дек.21=;;;;;;;;;
~;;;;;;янв.19=/фев.19=/мар.19=/апр.19=/май.19=/июн.19=/июл.19=/авг.19=/сен.19=/окт.19=/ноя.19=/дек.19=/янв.20=/фев.20=/мар.20=/апр.20=/май.20=/июн.20=/июл.20=/авг.20=/сен.20=/окт.20=/ноя.20=/дек.20=/янв.21=/фев.21=/мар.21=/апр.21=/май.21=/июн.21=/июл.21=/авг.21=/сен.21=/окт.21=/ноя.21=/дек.21=;;;;;;;;;
~;;;;;;янв.19=/фев.19=/мар.19=/апр.19=/май.19=/июн.19=/июл.19=/авг.19=/сен.19=/окт.19=/ноя.19=/дек.19=/янв.20=/фев.20=/мар.20=/апр.20=/май.20=/июн.20=/июл.20=/авг.20=/сен.20=/окт.20=/ноя.20=/дек.20=/янв.21=/фев.21=/мар.21=/апр.21=/май.21=/июн.21=/июл.21=/авг.21=/сен.21=/окт.21=/ноя.21=/дек.21=;;;;;;;;;
~;;;;;;янв.19=/фев.19=/мар.19=/апр.19=/май.19=/июн.19=/июл.19=/авг.19=/сен.19=/окт.19=/ноя.19=/дек.19=/янв.20=/фев.20=/мар.20=/апр.20=/май.20=/июн.20=/июл.20=/авг.20=/сен.20=/окт.20=/ноя.20=/дек.20=/янв.21=/фев.21=/мар.21=/апр.21=/май.21=/июн.21=/июл.21=/авг.21=/сен.21=/окт.21=/ноя.21=/дек.21=;;;;;;;;;
~;;;;;;янв.19=/фев.19=/мар.19=/апр.19=/май.19=/июн.19=/июл.19=/авг.19=/сен.19=/окт.19=/ноя.19=/дек.19=/янв.20=/фев.20=/мар.20=/апр.20=/май.20=/июн.20=/июл.20=/авг.20=/сен.20=/окт.20=/ноя.20=/дек.20=/янв.21=/фев.21=/мар.21=/апр.21=/май.21=/июн.21=/июл.21=/авг.21=/сен.21=/окт.21=/ноя.21=/дек.21=;;;;;;;;;
0;0;0;0;0;0;янв.19=0/фев.19=0/мар.19=0/апр.19=0/май.19=0/июн.19=0/июл.19=0/авг.19=0/сен.19=0/окт.19=0/ноя.19=0/дек.19=0/янв.20=0/фев.20=0/мар.20=0/апр.20=0/май.20=0/июн.20=0/июл.20=0/авг.20=0/сен.20=0/окт.20=0/ноя.20=0/дек.20=0/янв.21=0/фев.21=0/мар.21=0/апр.21=0/май.21=0/июн.21=0/июл.21=0/авг.21=0/сен.21=0/окт.21=0/ноя.21=0/дек.21=0;0;0;0;0;0;0;0;0;
~;;;;;;янв.19=/фев.19=/мар.19=/апр.19=/май.19=/июн.19=/июл.19=/авг.19=/сен.19=/окт.19=/ноя.19=/дек.19=/янв.20=/фев.20=/мар.20=/апр.20=/май.20=/июн.20=/июл.20=/авг.20=/сен.20=/окт.20=/ноя.20=/дек.20=/янв.21=/фев.21=/мар.21=/апр.21=/май.21=/июн.21=/июл.21=/авг.21=/сен.21=/окт.21=/ноя.21=/дек.21=;;;;;;;;;
~;;;;;;янв.19=/фев.19=/мар.19=/апр.19=/май.19=/июн.19=/июл.19=/авг.19=/сен.19=/окт.19=/ноя.19=/дек.19=/янв.20=/фев.20=/мар.20=/апр.20=/май.20=/июн.20=/июл.20=/авг.20=/сен.20=/окт.20=/ноя.20=/дек.20=/янв.21=/фев.21=/мар.21=/апр.21=/май.21=/июн.21=/июл.21=/авг.21=/сен.21=/окт.21=/ноя.21=/дек.21=;;;;;;;;;
~;;;;;;янв.19=/фев.19=/мар.19=/апр.19=/май.19=/июн.19=/июл.19=/авг.19=/сен.19=/окт.19=/ноя.19=/дек.19=/янв.20=/фев.20=/мар.20=/апр.20=/май.20=/июн.20=/июл.20=/авг.20=/сен.20=/окт.20=/ноя.20=/дек.20=/янв.21=/фев.21=/мар.21=/апр.21=/май.21=/июн.21=/июл.21=/авг.21=/сен.21=/окт.21=/ноя.21=/дек.21=;;;;;;;;;
~;;;;;;янв.19=/фев.19=/мар.19=/апр.19=/май.19=/июн.19=/июл.19=/авг.19=/сен.19=/окт.19=/ноя.19=/дек.19=/янв.20=/фев.20=/мар.20=/апр.20=/май.20=/июн.20=/июл.20=/авг.20=/сен.20=/окт.20=/ноя.20=/дек.20=/янв.21=/фев.21=/мар.21=/апр.21=/май.21=/июн.21=/июл.21=/авг.21=/сен.21=/окт.21=/ноя.21=/дек.21=;;;;;;;;;
